id,eng_word,level,first_letter,tur_word,sample_sentence_1,sample_sentence_2,picture,audio_url
1,about,A1,a,hakkında,She read a short book about birds.,My brother asked about the new game.,,
2,above,A1,a,yukarıda,The clock is above the door.,A small plane flew above the city.,,
3,action,A1,a,eylem,The movie has a lot of action.,We need quick action today.,,
4,activity,A1,a,aktivite,Swimming is my favorite activity.,The teacher planned a fun activity.,,
5,actor,A1,a,aktör,The actor arrived early for work.,Everyone thanked the actor after lunch.,,
6,add,A1,a,eklemek,Please add your name to the list.,I add milk to my tea.,,
7,address,A1,a,adres,Write your address on the form.,The teacher will address the class after lunch.,,
8,afraid,A1,a,korkmuş,The child is afraid of the dark.,I felt afraid during the storm.,,
9,after,A1,a,sonra,We ate dinner after the lesson.,She called me after school.,,
10,afternoon,A1,a,öğleden sonra,I study English in the afternoon.,The afternoon was warm and quiet.,,
11,baby,A1,b,bebek,The baby slept in a small bed.,She held the baby carefully.,,
12,back,A1,b,geri/sırt,Please come back before dinner.,My back hurts after the long walk.,,
13,bad,A1,b,kötü,The milk has a bad smell.,He felt bad after the long trip.,,
14,bag,A1,b,çanta,The bag was on the wooden table.,My brother carried the bag to school.,,
15,ball,A1,b,top,I cleaned the ball before dinner.,The small ball fell from the shelf.,,
16,banana,A1,b,muz,She ate a banana after school.,He bought a fresh banana at the market.,,
17,band,A1,b,grup,The band played a song at school.,She wears a blue band in her hair.,,
18,bank,A1,b,banka,She took money from the bank.,They sat on the river bank.,,
19,bar,A1,b,bar/çubuk,They met at a small bar after work.,The worker lifted a metal bar.,,
20,baseball,A1,b,beyzbol,We played baseball in the park.,The baseball rolled under the car.,,
21,basketball,A1,b,basketbol,He plays basketball after school.,The basketball bounced across the yard.,,
22,cake,A1,c,kek,She ate a cake after school.,He bought a fresh cake at the market.,,
23,call,A1,c,aramak/çağrı,Please call me after school.,I missed your call this morning.,,
24,camera,A1,c,kamera,I cleaned the camera before dinner.,The small camera fell from the shelf.,,
25,camp,A1,c,kamp,The summer camp starts in July.,We slept at the camp for two nights.,,
26,can,A1,c,kutu/-ebilmek,I can swim across the pool.,She opened a can of beans.,,
27,candy,A1,c,şeker,The child ate candy after lunch.,She put candy in the small bowl.,,
28,cap,A1,c,şapka,She put the cap beside her bag.,He found a cap under the chair.,,
29,car,A1,c,araba,The car stopped near the school.,My father washed the car on Sunday.,,
30,card,A1,c,kart,I cleaned the card before dinner.,The small card fell from the shelf.,,
31,care,A1,c,önemsemek/bakım,I care about my little brother.,Good care helped the plant grow.,,
32,careful,A1,c,dikkatli,Be careful when you cross the road.,She made a careful plan for the trip.,,
33,dad,A1,d,baba,A young dad waited outside the room.,The dad spoke kindly to us.,,
34,daddy,A1,d,babacık,Daddy read a story before bed.,The child ran to daddy after school.,,
35,dance,A1,d,dans etmek,She began to dance when the music started.,They will dance outside if the weather is good.,,
36,dancing,A1,d,dans,Dancing helps her feel happy.,We watched dancing at the festival.,,
37,dark,A1,d,karanlık,The room was dark at night.,A dark cloud covered the sun.,,
38,date,A1,d,tarih/randevu,Write today’s date at the top.,They went on a dinner date.,,
39,daughter,A1,d,kız evlat,My daughter studies English every day.,Her daughter drew a picture of a cat.,,
40,day,A1,d,gün,It was a sunny day.,The day ended with a short walk.,,
41,dear,A1,d,sevgili,She wrote a letter to her dear friend.,This old photo is dear to me.,,
42,december,A1,d,aralık,December is a cold month here.,My birthday is in December.,,
43,each,A1,e,her biri,Each student brought one book.,We put a sticker on each box.,,
44,ear,A1,e,kulak,The baby touched his ear.,I heard music in my left ear.,,
45,early,A1,e,erken,She came early to class.,We ate an early breakfast today.,,
46,easy,A1,e,kolay,This question is easy for me.,The teacher gave an easy example.,,
47,eat,A1,e,yemek,I eat breakfast at seven.,She likes to eat fruit after lunch.,,
48,egg,A1,e,yumurta,We shared the egg at lunch.,The cook used egg in the meal.,,
49,eight,A1,e,sekiz,I have eight pencils in my bag.,The train leaves at eight o’clock.,,
50,eighteen,A1,e,on sekiz,My cousin is eighteen years old.,There are eighteen students in the room.,,
51,eighty,A1,e,seksen,My grandfather is eighty years old.,The ticket costs eighty lira.,,
52,either,A1,e,ikisi de/biri,You can choose either tea or coffee.,Either answer is fine for this question.,,
53,face,A1,f,yüz,He pointed to the face on the page.,The face appeared near the end of the story.,,
54,factory,A1,f,fabrika,My uncle works in a factory.,The factory makes small toys.,,
55,fair,A1,f,adil/fuar,The referee made a fair decision.,We bought candy at the fair.,,
56,fairy,A1,f,peri,The child drew a tiny fairy.,A fairy helped the hero in the story.,,
57,FALSE,A1,f,yanlış,That answer is false.,He gave a false name at first.,,
58,family,A1,f,aile,My family eats dinner together.,Her family lives near the sea.,,
59,famous,A1,f,ünlü,The famous singer visited our city.,This street is famous for its cafes.,,
60,fan,A1,f,hayran/vantilatör,He is a fan of that football team.,The fan made the room cooler.,,
61,farm,A1,f,çiftlik,They live on a small farm.,The farm has cows and chickens.,,
62,farmer,A1,f,çiftçi,The farmer arrived early for work.,Everyone thanked the farmer after lunch.,,
63,fast,A1,f,hızlı,The rabbit is very fast.,She runs fast in the race.,,
64,game,A1,g,oyun,We played a game after dinner.,The game starts at seven o’clock.,,
65,garbage,A1,g,çöp,Please put the garbage outside.,The street had garbage near the wall.,,
66,garden,A1,g,bahçe,Flowers grow in the garden.,We sat in the garden after lunch.,,
67,get,A1,g,almak/elde etmek,I will get a ticket after school.,She wants to get better at English.,,
68,ghost,A1,g,hayalet,The story has a friendly ghost.,He wore a ghost costume at the party.,,
69,gift,A1,g,hediye,She gave me a small gift.,The gift was inside a red box.,,
70,girl,A1,g,kız,The girl helped a child near the door.,A friendly girl smiled during the meeting.,,
71,girlfriend,A1,g,kız arkadaş,The girlfriend arrived early for work.,Everyone thanked the girlfriend after lunch.,,
72,give,A1,g,vermek,The team will give the issue tomorrow.,I hope to give this skill with practice.,,
73,glad,A1,g,memnun,I am glad to see you.,She felt glad after the exam.,,
74,habit,A1,h,alışkanlık,Reading every night is a good habit.,He has a habit of waking early.,,
75,had,A1,h,sahipti,We saw the had near the window.,My friend described the had very clearly.,,
76,hair,A1,h,saç,Her hair is long and black.,I washed my hair this morning.,,
77,haircut,A1,h,saç kesimi,The haircut was on the wooden table.,My brother carried the haircut to school.,,
78,half,A1,h,yarım,She ate half of the sandwich.,The game lasted half an hour.,,
79,hall,A1,h,salon/koridor,They waited near the hall after lunch.,She took a photo of the hall in town.,,
80,hamburger,A1,h,hamburger,He ate a hamburger for lunch.,The hamburger came with salad.,,
81,hand,A1,h,el,I cleaned the hand before dinner.,The small hand fell from the shelf.,,
82,handsome,A1,h,yakışıklı,The actor looked handsome in the film.,She bought a handsome jacket for her brother.,,
83,happen,A1,h,olmak/gerçekleşmek,She began to happen when the music started.,They will happen outside if the weather is good.,,
84,happy,A1,h,mutlu,The children were happy at the zoo.,I felt happy after the good news.,,
85,ice,A1,i,buz,The ice was part of the story.,She noticed the ice during the lesson.,,
86,idea,A1,i,fikir,That is a good idea.,She wrote her idea in the notebook.,,
87,ideal,A1,i,ideal,This is an ideal place for a picnic.,The ideal answer is short and clear.,,
88,if,A1,i,eğer,Call me if you need help.,We can go outside if it stops raining.,,
89,imagine,A1,i,hayal etmek,We can imagine the problem step by step.,He began to imagine the answer during class.,,
90,important,A1,i,önemli,Sleep is important for health.,This rule is important for everyone.,,
91,in,A1,i,içinde,The keys are in my bag.,She lives in a small town.,,
92,information,A1,i,bilgi,The website has useful information.,Please write the information on this form.,,
93,inside,A1,i,içeride,The cat is inside the box.,It was warm inside the house.,,
94,interested,A1,i,ilgili/meraklı,She is interested in music.,He looked interested during the lesson.,,
95,jacket,A1,j,ceket,The jacket was on the wooden table.,My brother carried the jacket to school.,,
96,january,A1,j,ocak,January is the first month.,We start school again in January.,,
97,jeans,A1,j,kot pantolon,He wore blue jeans to school.,My jeans are in the washing machine.,,
98,jet,A1,j,jet,The jet was on the wooden table.,My brother carried the jet to school.,,
99,job,A1,j,iş,She found a new job in town.,This job starts early in the morning.,,
100,join,A1,j,katılmak,They plan to join the problem this week.,She tried to join the task before dinner.,,
101,judge,A1,j,yargıç/yargılamak,The judge listened to both sides.,Please do not judge people too quickly.,,
102,juice,A1,j,meyve suyu,We shared the juice at lunch.,The cook used juice in the meal.,,
103,july,A1,j,temmuz,July is usually hot here.,We will travel in July.,,
104,jump,A1,j,zıplamak,She began to jump when the music started.,They will jump outside if the weather is good.,,
105,keep,A1,k,tutmak/saklamak,Keep your phone in your bag.,I keep old photos in this box.,,
106,key,A1,k,anahtar,She put the key beside her bag.,He found a key under the chair.,,
107,kick,A1,k,tekme atmak,We need to kick the plan carefully.,He decided to kick it after the meeting.,,
108,kid,A1,k,çocuk,A young kid waited outside the room.,The kid spoke kindly to us.,,
109,kill,A1,k,öldürmek,They plan to kill the problem this week.,She tried to kill the task before dinner.,,
110,kind,A1,k,tür/nazik,She is kind to new students.,This kind of tea is very light.,,
111,king,A1,k,kral,The king answer was easy to understand.,We found a king place to rest.,,
112,kiss,A1,k,öpmek,They plan to kiss the problem this week.,She tried to kiss the task before dinner.,,
113,kitchen,A1,k,mutfak,The kitchen was quiet in the morning.,We found the kitchen at the end of the street.,,
114,kite,A1,k,uçurtma,I cleaned the kite before dinner.,The small kite fell from the shelf.,,
115,lady,A1,l,bayan,The lady helped a child near the door.,A friendly lady smiled during the meeting.,,
116,language,A1,l,dil,English is a useful language.,She learns a new language at school.,,
117,large,A1,l,büyük,They live in a large house.,A large dog slept by the door.,,
118,late,A1,l,geç,The bus was late this morning.,I had a late dinner yesterday.,,
119,later,A1,l,daha sonra,They walked later through the quiet hall.,The student listened later to the story.,,
120,laugh,A1,l,gülmek,Her laugh made everyone smile.,I heard a loud laugh outside.,,
121,lazy,A1,l,tembel,The lazy cat slept all day.,Do not be lazy with your homework.,,
122,leader,A1,l,lider,The leader arrived early for work.,Everyone thanked the leader after lunch.,,
123,leaf,A1,l,yaprak,We saw the leaf near the window.,My friend described the leaf very clearly.,,
124,learn,A1,l,öğrenmek,Try to learn the main idea first.,She wants to learn the reason clearly.,,
125,machine,A1,m,makine,The machine was on the wooden table.,My brother carried the machine to school.,,
126,magazine,A1,m,dergi,I cleaned the magazine before dinner.,The small magazine fell from the shelf.,,
127,mail,A1,m,posta,She put the mail beside her bag.,He found a mail under the chair.,,
128,make,A1,m,yapmak,We need to make the plan carefully.,He decided to make it after the meeting.,,
129,man,A1,m,adam/insan,A young man waited outside the room.,The man spoke kindly to us.,,
130,many,A1,m,çok,Many students joined the club.,There are many books on the shelf.,,
131,map,A1,m,harita,The map was on the wooden table.,My brother carried the map to school.,,
132,march,A1,m,mart/yürüyüş,March is a windy month here.,The soldiers march through the square.,,
133,match,A1,m,maç/eşleşme,We watched the football match on TV.,The red socks match her dress.,,
134,matter,A1,m,mesele/önemli olmak,This matter needs a quick answer.,Your opinion does matter to me.,,
135,name,A1,n,isim,Please write your name here.,Her name is on the list.,,
136,nationality,A1,n,milliyet,My nationality is Turkish.,The form asks for your nationality.,,
137,near,A1,n,yakın,The bus stop is near my house.,He sat near the window.,,
138,neck,A1,n,boyun,My neck hurts after sleeping badly.,She wore a scarf around her neck.,,
139,need,A1,n,ihtiyaç duymak,They plan to need the problem this week.,She tried to need the task before dinner.,,
140,never,A1,n,asla,The plan changed never after lunch.,She smiled never at the good news.,,
141,new,A1,n,yeni,I bought a new notebook.,Our new teacher is very kind.,,
142,news,A1,n,haber,The news made everyone happy.,I read the news every morning.,,
143,newspaper,A1,n,gazete,My father reads the newspaper at breakfast.,The newspaper is on the table.,,
144,nice,A1,n,güzel,She has a nice smile.,We had a nice day at the park.,,
145,o'clock,A1,o,saat,The class starts at nine o’clock.,I went home at five o’clock.,,
146,october,A1,o,ekim,October is a cool month.,The meeting is in October.,,
147,of,A1,o,ın in,The cover of the book is blue.,She drank a glass of water.,,
148,off,A1,o,kapalı/uzakta,Please turn off the light.,The cat jumped off the chair.,,
149,office,A1,o,ofis,My mother works in an office.,The office closes at five.,,
150,officer,A1,o,memur/subay,We saw the officer near the window.,My friend described the officer very clearly.,,
151,often,A1,o,sık sık,I often drink tea after dinner.,She often walks to school.,,
152,old,A1,o,eski/yaşlı,My old phone still works.,The old man walked slowly.,,
153,olympics,A1,o,olimpiyatlar,The Olympics are on TV tonight.,Many athletes train for the Olympics.,,
154,on,A1,o,üzerinde,The phone is on the desk.,We met on Monday morning.,,
155,page,A1,p,sayfa,Open your book to page ten.,She wrote notes on the page.,,
156,paint,A1,p,boyamak/boya,She will paint the wall blue.,The paint on the door is dry.,,
157,painting,A1,p,resim/tablo,The painting hangs above the sofa.,She is painting a small flower.,,
158,pair,A1,p,çift,I bought a pair of shoes.,This pair of socks is clean.,,
159,palace,A1,p,saray,People gathered outside the palace.,The old palace looked clean and bright.,,
160,pants,A1,p,pantolon,His pants are black.,She put her pants in the closet.,,
161,paper,A1,p,kağıt,The paper was on the wooden table.,My brother carried the paper to school.,,
162,paragraph,A1,p,paragraf,Read the first paragraph slowly.,The paragraph has five sentences.,,
163,pardon,A1,p,affedersiniz,"Pardon me, where is the station?",I asked for pardon after my mistake.,,
164,parent,A1,p,ebeveyn,The parent arrived early for work.,Everyone thanked the parent after lunch.,,
165,park,A1,p,park,The team will park the issue tomorrow.,I hope to park this skill with practice.,,
166,quarter,A1,q,çeyrek,A quarter of the cake is left.,The game starts after a quarter hour.,,
167,question,A1,q,soru,The teacher asked a simple question.,Please question the answer if it seems wrong.,,
168,quickly,A1,q,hızlıca,She quickly closed the door.,He quickly answered the question.,,
169,quiet,A1,q,sessiz,The library is quiet today.,Please be quiet during the test.,,
170,rabbit,A1,r,tavşan,He pointed to the rabbit on the page.,The rabbit appeared near the end of the story.,,
171,radio,A1,r,radyo,I cleaned the radio before dinner.,The small radio fell from the shelf.,,
172,rain,A1,r,yağmur,The children like to rain after school.,We watched the birds rain near the trees.,,
173,rainy,A1,r,yağmurlu,It is a rainy day.,She wore boots in the rainy weather.,,
174,rat,A1,r,sıçan,We saw the rat near the window.,My friend described the rat very clearly.,,
175,read,A1,r,okumak,They plan to read the problem this week.,She tried to read the task before dinner.,,
176,reader,A1,r,okuyucu,He pointed to the reader on the page.,The reader appeared near the end of the story.,,
177,reading,A1,r,okuma,The reading answer was easy to understand.,We found a reading place to rest.,,
178,ready,A1,r,hazır,Dinner is ready now.,I am ready for the lesson.,,
179,real,A1,r,gerçek,This is a real diamond.,His story felt real to me.,,
180,sad,A1,s,üzgün,I was sad when I heard the news.,They seemed sad at the end of the day.,,
181,sailor,A1,s,denizci,The sailor helped a child near the door.,A friendly sailor smiled during the meeting.,,
182,salad,A1,s,salata,The salad tasted good with tea.,My sister put the salad on a plate.,,
183,sale,A1,s,satış/indirim,The shop has a big sale today.,The sale of tickets starts at noon.,,
184,same,A1,s,aynı,We have the same bag.,The answer is the same as mine.,,
185,sandwich,A1,s,sandviç,He ate a sandwich for lunch.,The sandwich had cheese and tomato.,,
186,saturday,A1,s,cumartesi,We visit grandma on Saturday.,Saturday is my favorite day.,,
187,save,A1,s,kaydetmek/kurtarmak,Please save your work before closing the file.,The firefighter tried to save the cat.,,
188,saw,A1,s,testere/gördü,I saw a red bird in the garden.,He used a saw to cut the wood.,,
189,say,A1,s,söylemek,He will say to his friend tonight.,The manager chose to say the team clearly.,,
190,school,A1,s,okul,The children go to school by bus.,Our school has a small garden.,,
191,table,A1,t,masa/tablo,Put the glass on the table.,The table shows the test results.,,
192,take,A1,t,almak,The team will take the issue tomorrow.,I hope to take this skill with practice.,,
193,talk,A1,t,konuşmak,Please talk clearly before you leave.,The teacher will talk the class after lunch.,,
194,tall,A1,t,uzun,The tall tree is near the house.,My brother is tall for his age.,,
195,taxi,A1,t,taksi,I cleaned the taxi before dinner.,The small taxi fell from the shelf.,,
196,tea,A1,t,çay,She ate a tea after school.,He bought a fresh tea at the market.,,
197,teach,A1,t,öğretmek,She tried to teach the news calmly.,They asked him to teach the story again.,,
198,teacher,A1,t,öğretmen,A young teacher waited outside the room.,The teacher spoke kindly to us.,,
199,team,A1,t,takım,Our team won the game.,She joined the school team.,,
200,technology,A1,t,teknoloji,Technology changes our daily life.,The class used technology for the project.,,
201,telephone,A1,t,telefon,I cleaned the telephone before dinner.,The small telephone fell from the shelf.,,
202,ugly,A1,u,çirkin,The old wall looked ugly.,He drew an ugly monster.,,
203,umbrella,A1,u,şemsiye,Take an umbrella because it may rain.,Her umbrella is yellow.,,
204,uncle,A1,u,amca/dayı,A young uncle waited outside the room.,The uncle spoke kindly to us.,,
205,under,A1,u,altında,The ball is under the bed.,The cat hid under the chair.,,
206,underline,A1,u,altını çizmek,Please underline the correct answer.,I underline new words in my book.,,
207,until,A1,u,#NAME?,I waited until six o’clock.,Stay here until I return.,,
208,up,A1,u,yukarı,She looked up at the sky.,He picked up the pencil.,,
209,us,A1,u,bizi/bize,The teacher gave us homework.,My uncle drove us to the station.,,
210,use,A1,u,kullanmak,The team will use the issue tomorrow.,I hope to use this skill with practice.,,
211,usually,A1,u,genellikle,I usually wake up at seven.,She usually studies after dinner.,,
212,vacation,A1,v,tatil,We went to İzmir on vacation.,My vacation starts next week.,,
213,vase,A1,v,vazo,I cleaned the vase before dinner.,The small vase fell from the shelf.,,
214,vegetable,A1,v,sebze,Carrot is a healthy vegetable.,She cut a vegetable for the soup.,,
215,very,A1,v,çok,This tea is very hot.,He is very good at math.,,
216,video,A1,v,video,I cleaned the video before dinner.,The small video fell from the shelf.,,
217,visit,A1,v,ziyaret etmek,They plan to visit the problem this week.,She tried to visit the task before dinner.,,
218,volleyball,A1,v,voleybol,The volleyball was on the wooden table.,My brother carried the volleyball to school.,,
219,vote,A1,v,oy vermek,The team will vote the issue tomorrow.,I hope to vote this skill with practice.,,
220,wait,A1,w,beklemek,The children like to wait after school.,We watched the birds wait near the trees.,,
221,waiter,A1,w,garson,The waiter brought the menu.,A waiter cleaned the table.,,
222,waitress,A1,w,garson,The waitress smiled at the guests.,A waitress gave us water.,,
223,wake,A1,w,uyanmak,The children like to wake after school.,We watched the birds wake near the trees.,,
224,walk,A1,w,yürümek,She began to walk when the music started.,They will walk outside if the weather is good.,,
225,wall,A1,w,duvar,I cleaned the wall before dinner.,The small wall fell from the shelf.,,
226,want,A1,w,istemek,They plan to want the problem this week.,She tried to want the task before dinner.,,
227,war,A1,w,savaş,The war changed many families.,The film is about a long war.,,
228,warm,A1,w,ılık/sıcak,The soup is warm and ready to eat.,A warm jacket helps in winter.,,
229,was,A1,w,idi,The room was quiet at night.,He was happy after the match.,,
230,yard,A1,y,avlu,The yard was quiet in the morning.,We found the yard at the end of the street.,,
231,year,A1,y,yıl,We saw the year near the window.,My friend described the year very clearly.,,
232,yellow,A1,y,sarı,The yellow bus stopped outside.,She wore a yellow dress.,,
233,yes,A1,y,evet,"Yes, I can help you.",She said yes to the invitation.,,
234,yesterday,A1,y,dün,He answered yesterday when the teacher asked.,The machine moved yesterday across the floor.,,
235,yet,A1,y,henüz/yine de,I have not finished my homework yet.,The soup is hot yet easy to eat.,,
236,you,A1,y,sen/siz,You can sit next to me.,I will help you after class.,,
237,young,A1,y,genç,The young answer was easy to understand.,We found a young place to rest.,,
238,your,A1,y,senin/sizin,Please bring your notebook tomorrow.,Your bike is outside the house.,,
239,yours,A1,y,seninki/sizinki,This blue bag is yours.,The last ticket is yours.,,
240,zoo,A1,z,hayvanat bahçesi,We saw lions at the zoo.,The zoo opens at ten.,,
241,ability,A2,a,yetenek,The report described the ability clearly.,We noticed the ability during the project.,,
242,abroad,A2,a,yurt dışında,She wants to study abroad next year.,My uncle lives abroad now.,,
243,accept,A2,a,kabul etmek,The team will accept the issue tomorrow.,I hope to accept this skill with practice.,,
244,acceptable,A2,a,kabul edilebilir,The acceptable room felt calm and safe.,She chose an acceptable jacket for the trip.,,
245,accident,A2,a,kaza,The accident happened near the school.,No one was hurt in the accident.,,
246,account,A2,a,hesap,We saw the account near the window.,My friend described the account very clearly.,,
247,achieve,A2,a,başarmak,They plan to achieve the problem this week.,She tried to achieve the task before dinner.,,
248,across,A2,a,karşısında/boyunca,We walked across the bridge.,The shop is across the street.,,
249,act,A2,a,davranmak/eylem,We saw the act near the window.,My friend described the act very clearly.,,
250,actually,A2,a,aslında,The system behaved actually during the test.,The result changed actually in the study.,,
251,addition,A2,a,ekleme/ilave,The class discussed the addition after the video.,This example shows the addition clearly.,,
252,background,A2,b,arka plan,The mountains were in the background.,Her background helped her get the job.,,
253,badly,A2,b,kötü şekilde,She spoke badly during the meeting.,The team worked badly on the final task.,,
254,badminton,A2,b,badminton,We played badminton in the garden.,Badminton is fun with friends.,,
255,bake,A2,b,pişirmek,Please bake this before you add more salt.,They decided to bake at home tonight.,,
256,balcony,A2,b,balkon,The balcony was part of the story.,She noticed the balcony during the lesson.,,
257,balloon,A2,b,balon,He pointed to the balloon on the page.,The balloon appeared near the end of the story.,,
258,banking,A2,b,bankacılık,We saw the banking near the window.,My friend described the banking very clearly.,,
259,barbecue,A2,b,barbekü,The barbecue was part of the story.,She noticed the barbecue during the lesson.,,
260,barber,A2,b,berber,The barber arrived early for work.,Everyone thanked the barber after lunch.,,
261,bargain,A2,b,pazarlık,This jacket was a real bargain.,They bargain at the small market.,,
262,base,A2,b,temel/üs,The lamp has a heavy base.,This idea is the base of the plan.,,
263,cab,A2,c,taksi,He pointed to the cab on the page.,The cab appeared near the end of the story.,,
264,cafeteria,A2,c,kafeterya,People gathered outside the cafeteria.,The old cafeteria looked clean and bright.,,
265,calendar,A2,c,takvim,The calendar was part of the story.,She noticed the calendar during the lesson.,,
266,camping,A2,c,kamp yapma,He pointed to the camping on the page.,The camping appeared near the end of the story.,,
267,campus,A2,c,kampüs,People gathered outside the campus.,The old campus looked clean and bright.,,
268,capital,A2,c,başkent/sermaye,Ankara is the capital of Türkiye.,The company needs more capital to grow.,,
269,captain,A2,c,kaptan,The captain arrived early for work.,Everyone thanked the captain after lunch.,,
270,carrot,A2,c,havuç,We shared the carrot at lunch.,The cook used carrot in the meal.,,
271,cash,A2,c,nakit,I paid for the ticket in cash.,She keeps cash in her wallet.,,
272,cassette,A2,c,kaset,He pointed to the cassette on the page.,The cassette appeared near the end of the story.,,
273,castle,A2,c,kale,People gathered outside the castle.,The old castle looked clean and bright.,,
274,daily,A2,d,günlük,I have a daily English lesson.,She checks her email daily.,,
275,dam,A2,d,baraj,He pointed to the dam on the page.,The dam appeared near the end of the story.,,
276,dancer,A2,d,dansçı,A young dancer waited outside the room.,The dancer spoke kindly to us.,,
277,danger,A2,d,tehlike,The sign warned us about danger.,Fire can be a serious danger.,,
278,dangerous,A2,d,tehlikeli,This dangerous example helped the students.,The report used a dangerous idea clearly.,,
279,daylight,A2,d,gün ışığı,We saw the daylight near the window.,My friend described the daylight very clearly.,,
280,dead,A2,d,ölü,The dead room felt calm and safe.,She chose a dead jacket for the trip.,,
281,deal,A2,d,anlaşma/ilgilenmek,They made a deal after the meeting.,I can deal with this small problem.,,
282,death,A2,d,ölüm,The death changed the final result.,The story included a clear death.,,
283,debate,A2,d,tartışma,The debate was part of the story.,She noticed the debate during the lesson.,,
284,decide,A2,d,karar vermek,We need to decide the plan carefully.,He decided to decide it after the meeting.,,
285,earn,A2,e,kazanmak,The team will earn the issue tomorrow.,I hope to earn this skill with practice.,,
286,earring,A2,e,küpe,The earring room felt calm and safe.,She chose an earring jacket for the trip.,,
287,earth,A2,e,dünya/toprak,The class discussed the earth after the video.,This example shows the earth clearly.,,
288,earthquake,A2,e,deprem,We saw the earthquake near the window.,My friend described the earthquake very clearly.,,
289,easily,A2,e,kolayca,She spoke easily during the meeting.,The team worked easily on the final task.,,
290,east,A2,e,doğu,He pointed to the east on the page.,The east appeared near the end of the story.,,
291,editor,A2,e,editör,A young editor waited outside the room.,The editor spoke kindly to us.,,
292,education,A2,e,eğitim,Education helps people find better jobs.,The school gives free education to children.,,
293,educational,A2,e,eğitici,This educational example helped the students.,The report used an educational idea clearly.,,
294,effect,A2,e,etki,The medicine had a quick effect.,Rain has an effect on the match.,,
295,effort,A2,e,çaba,Your effort made the project better.,She put a lot of effort into the exam.,,
296,fact,A2,f,gerçek/olgu,This fact surprised the class.,I wrote one fact in my notebook.,,
297,fail,A2,f,başarısız olmak,I saw him fail near the park.,The crowd waited for the show to fail.,,
298,fairly,A2,f,oldukça/adilce,He answered fairly when the teacher asked.,The machine moved fairly across the floor.,,
299,fall,A2,f,düşmek/sonbahar,Leaves fall from the trees in autumn.,Fall is my favorite season.,,
300,familiar,A2,f,tanıdık,The familiar answer was easy to understand.,We found a familiar place to rest.,,
301,fancy,A2,f,süslü/beğenmek,The report described the fancy clearly.,We noticed the fancy during the project.,,
302,fantastic,A2,f,harika,This fantastic example helped the students.,The report used a fantastic idea clearly.,,
303,far,A2,f,uzak,They walked far through the quiet hall.,The student listened far to the story.,,
304,fare,A2,f,ücret,The bus fare is two lira.,She asked about the train fare.,,
305,fascinating,A2,f,büyüleyici,It was a fascinating day for a walk.,He gave me a fascinating smile after class.,,
306,fashion,A2,f,moda,She follows fashion magazines.,That jacket is in fashion now.,,
307,gallery,A2,g,galeri,They waited near the gallery after lunch.,She took a photo of the gallery in town.,,
308,garage,A2,g,garaj,The garage was quiet in the morning.,We found the garage at the end of the street.,,
309,garlic,A2,g,sarımsak,We saw a garlic pattern in the results.,His garlic style made the story stronger.,,
310,gas,A2,g,gaz/benzin,The car needs gas before the trip.,The gas from the stove smelled strange.,,
311,gate,A2,g,kapı,The gate was quiet in the morning.,We found the gate at the end of the street.,,
312,gather,A2,g,toplamak,I saw him gather near the park.,The crowd waited for the show to gather.,,
313,gender,A2,g,cinsiyet,The gender was part of the story.,She noticed the gender during the lesson.,,
314,generation,A2,g,nesil,My generation uses phones every day.,Each generation has different music.,,
315,gentle,A2,g,nazik,The gentle answer was easy to understand.,We found a gentle place to rest.,,
316,given,A2,g,verilen,The given room felt calm and safe.,She chose a given jacket for the trip.,,
317,globe,A2,g,küre,He pointed to the globe on the page.,The globe appeared near the end of the story.,,
318,half-price,A2,h,yarı fiyat,I bought a half-price ticket online.,The shop sells half-price shoes today.,,
319,ham,A2,h,jambon,She ate a ham after school.,He bought a fresh ham at the market.,,
320,handbag,A2,h,el çantası,He pointed to the handbag on the page.,The handbag appeared near the end of the story.,,
321,handicapped,A2,h,engelli,The handicapped answer was easy to understand.,We found a handicapped place to rest.,,
322,handle,A2,h,tutmak/sap,Hold the cup by its handle.,She can handle the task alone.,,
323,happily,A2,h,mutlu şekilde,They walked happily through the quiet hall.,The student listened happily to the story.,,
324,happiness,A2,h,mutluluk,The happiness changed the final result.,The story included a clear happiness.,,
325,hardly,A2,h,neredeyse hiç,She spoke hardly during the meeting.,The team worked hardly on the final task.,,
326,harm,A2,h,zarar,We need to harm the plan carefully.,He decided to harm it after the meeting.,,
327,harmful,A2,h,zararlı,The harmful answer was easy to understand.,We found a harmful place to rest.,,
328,harmony,A2,h,uyum,The singers performed in harmony.,The colors worked together in harmony.,,
329,id,A2,i,kimlik,He pointed to the id on the page.,The id appeared near the end of the story.,,
330,ill,A2,i,hasta,The ill answer was easy to understand.,We found an ill place to rest.,,
331,illegal,A2,i,yasa dışı,The illegal detail changed the whole plan.,She gave an illegal answer in class.,,
332,image,A2,i,görüntü/imaj,The class discussed the image after the video.,This example shows the image clearly.,,
333,imagination,A2,i,hayal gücü,Children use imagination when they play.,The story shows great imagination.,,
334,impact,A2,i,etki,The impact was part of the story.,She noticed the impact during the lesson.,,
335,impatient,A2,i,sabırsız,The child was impatient in the dark room.,My friend became impatient during the lesson.,,
336,importance,A2,i,önem,The teacher explained the importance of sleep.,We understand the importance of clean water.,,
337,importantly,A2,i,önemli şekilde,She spoke importantly during the meeting.,The team worked importantly on the final task.,,
338,impossible,A2,i,imkansız,It was an impossible day for a walk.,He gave me an impossible smile after class.,,
339,impress,A2,i,etkilemek,The team will impress the issue tomorrow.,I hope to impress this skill with practice.,,
340,jam,A2,j,reçel/sıkışıklık,I put strawberry jam on my bread.,We were late because of a traffic jam.,,
341,jelly,A2,j,jöle,The jelly tasted good with tea.,My sister put the jelly on a plate.,,
342,joke,A2,j,şaka,The team will joke the issue tomorrow.,I hope to joke this skill with practice.,,
343,journey,A2,j,yolculuk,The journey was part of the story.,She noticed the journey during the lesson.,,
344,joy,A2,j,sevinç,He pointed to the joy on the page.,The joy appeared near the end of the story.,,
345,junior,A2,j,genç/alt seviye,The junior answer was easy to understand.,We found a junior place to rest.,,
346,junk,A2,j,çöp,The junk was part of the story.,She noticed the junk during the lesson.,,
347,killer,A2,k,katil,He pointed to the killer on the page.,The killer appeared near the end of the story.,,
348,kilo,A2,k,kilo,We saw the kilo near the window.,My friend described the kilo very clearly.,,
349,kindly,A2,k,nazikçe,She spoke kindly during the meeting.,The team worked kindly on the final task.,,
350,kingdom,A2,k,krallık,The kingdom was quiet in the morning.,We found the kingdom at the end of the street.,,
351,kit,A2,k,set/takım,We saw the kit near the window.,My friend described the kit very clearly.,,
352,knock,A2,k,vurmak/kapıyı çalmak,They plan to knock the problem this week.,She tried to knock the task before dinner.,,
353,knowledge,A2,k,bilgi,Reading gives you more knowledge.,Her knowledge of history is strong.,,
354,lack,A2,l,eksiklik,A lack of sleep can make you tired.,The team noticed a lack of clear rules.,,
355,lake,A2,l,göl,They waited near the lake after lunch.,She took a photo of the lake in town.,,
356,lamp,A2,l,lamba,He pointed to the lamp on the page.,The lamp appeared near the end of the story.,,
357,land,A2,l,kara/arazi,The plane will land at noon.,They bought land near the village.,,
358,landscape,A2,l,manzara,The landscape was part of the story.,She noticed the landscape during the lesson.,,
359,lane,A2,l,şerit/yol,He pointed to the lane on the page.,The lane appeared near the end of the story.,,
360,last,A2,l,son/sürmek,We saw the last near the window.,My friend described the last very clearly.,,
361,latest,A2,l,en son,The latest room felt calm and safe.,She chose a latest jacket for the trip.,,
362,latter,A2,l,ikincisi/sonraki,It was a latter day for a walk.,He gave me a latter smile after class.,,
363,law,A2,l,kanun,The law protects workers.,He studies law at university.,,
364,lawyer,A2,l,avukat,The lawyer helped a child near the door.,A friendly lawyer smiled during the meeting.,,
365,mad,A2,m,kızgın/deli,It was a mad day for a walk.,He gave me a mad smile after class.,,
366,magic,A2,m,sihir,We saw a magic pattern in the results.,His magic style made the story stronger.,,
367,mainly,A2,m,çoğunlukla,They walked mainly through the quiet hall.,The student listened mainly to the story.,,
368,major,A2,m,büyük/ana,It was a major day for a walk.,He gave me a major smile after class.,,
369,make-up,A2,m,makyaj,I cleaned the make-up before dinner.,The small make-up fell from the shelf.,,
370,maker,A2,m,yapımcı,The maker was part of the story.,She noticed the maker during the lesson.,,
371,male,A2,m,erkek,The male bird has bright colors.,A male student answered first.,,
372,mall,A2,m,alışveriş merkezi,People gathered outside the mall.,The old mall looked clean and bright.,,
373,manage,A2,m,yönetmek/başarmak,They plan to manage the problem this week.,She tried to manage the task before dinner.,,
374,manager,A2,m,yönetici,The manager arrived early for work.,Everyone thanked the manager after lunch.,,
375,manner,A2,m,tavır/biçim,We saw the manner near the window.,My friend described the manner very clearly.,,
376,napkin,A2,n,peçete,She put the napkin beside her bag.,He found a napkin under the chair.,,
377,nation,A2,n,ulus,The class discussed the nation after the video.,This example shows the nation clearly.,,
378,national,A2,n,ulusal,We saw a national pattern in the results.,His national style made the story stronger.,,
379,native,A2,n,yerli/ana dili,The native detail changed the whole plan.,She gave a native answer in class.,,
380,natural,A2,n,doğal,This natural example helped the students.,The report used a natural idea clearly.,,
381,nature,A2,n,doğa,We walked in nature on Sunday.,Nature is beautiful after rain.,,
382,nearly,A2,n,neredeyse,He answered nearly when the teacher asked.,The machine moved nearly across the floor.,,
383,necessary,A2,n,gerekli,This necessary example helped the students.,The report used a necessary idea clearly.,,
384,negative,A2,n,olumsuz,We saw a negative pattern in the results.,His negative style made the story stronger.,,
385,nervous,A2,n,gergin,She felt nervous before the test.,He looked nervous after the phone call.,,
386,oak,A2,o,meşe,He pointed to the oak on the page.,The oak appeared near the end of the story.,,
387,occupation,A2,o,meslek/uğraş,The occupation changed the final result.,The story included a clear occupation.,,
388,offer,A2,o,teklif etmek,They plan to offer the problem this week.,She tried to offer the task before dinner.,,
389,official,A2,o,resmi/görevli,The official result came this morning.,A city official answered our question.,,
390,oil,A2,o,yağ/petrol,She cooked the eggs in oil.,The ship carried oil across the sea.,,
391,olympic,A2,o,olimpik,The olympic detail changed the whole plan.,She gave an olympic answer in class.,,
392,onion,A2,o,soğan,The onion tasted good with tea.,My sister put the onion on a plate.,,
393,online,A2,o,çevrim içi,The online answer was easy to understand.,We found an online place to rest.,,
394,operate,A2,o,çalıştırmak/ameliyat etmek,They plan to operate the problem this week.,She tried to operate the task before dinner.,,
395,opinion,A2,o,görüş,What is your opinion about this film?,She gave her opinion politely.,,
396,pacific,A2,p,pasifik/barışçıl,We saw a pacific pattern in the results.,His pacific style made the story stronger.,,
397,pack,A2,p,paketlemek/paket,Please pack your bag tonight.,He bought a pack of cards.,,
398,painter,A2,p,ressam,The painter arrived early for work.,Everyone thanked the painter after lunch.,,
399,pal,A2,p,arkadaş,We saw a pal pattern in the results.,His pal style made the story stronger.,,
400,pan,A2,p,tava,She fried eggs in a small pan.,The hot pan was on the stove.,,
401,panic,A2,p,panik,She began to panic when the music started.,They will panic outside if the weather is good.,,
402,part,A2,p,parça/bölüm,We saw the part near the window.,My friend described the part very clearly.,,
403,partly,A2,p,kısmen,They walked partly through the quiet hall.,The student listened partly to the story.,,
404,pass,A2,p,geçmek,We need to pass the plan carefully.,He decided to pass it after the meeting.,,
405,passage,A2,p,geçit/metin parçası,Read the short passage carefully.,The narrow passage leads to the garden.,,
406,passenger,A2,p,yolcu,The passenger helped a child near the door.,A friendly passenger smiled during the meeting.,,
407,quality,A2,q,kalite,The quality of the phone is good.,This shop sells high-quality tea.,,
408,queen,A2,q,kraliçe,We saw the queen near the window.,My friend described the queen very clearly.,,
409,quick,A2,q,hızlı,The quick room felt calm and safe.,She chose a quick jacket for the trip.,,
410,quietly,A2,q,sessizce,He answered quietly when the teacher asked.,The machine moved quietly across the floor.,,
411,quit,A2,q,bırakmak,I saw him quit near the park.,The crowd waited for the show to quit.,,
412,quite,A2,q,oldukça,The room is quite warm today.,She was quite happy with her score.,,
413,quiz,A2,q,kısa sınav,He pointed to the quiz on the page.,The quiz appeared near the end of the story.,,
414,racket,A2,r,raket/gürültü,He bought a new tennis racket.,The children made a loud racket outside.,,
415,raincoat,A2,r,yağmurluk,She put the raincoat beside her bag.,He found a raincoat under the chair.,,
416,raise,A2,r,yükseltmek/yetiştirmek,They will raise money for the school.,Please raise your hand before speaking.,,
417,range,A2,r,aralık/menzil,The price range is very wide.,Mountains cover the range in the north.,,
418,rap,A2,r,rap,The rap was part of the story.,She noticed the rap during the lesson.,,
419,rate,A2,r,oran/puanlamak,The hotel has a high rate this week.,Please rate the meal after dinner.,,
420,rather,A2,r,oldukça/tercihen,The test was rather easy.,I would rather stay at home tonight.,,
421,rating,A2,r,derecelendirme,The rating room felt calm and safe.,She chose a rating jacket for the trip.,,
422,raw,A2,r,çiğ/ham,Do not eat raw chicken.,The report used raw data from the survey.,,
423,ray,A2,r,ışın,We saw the ray near the window.,My friend described the ray very clearly.,,
424,reach,A2,r,ulaşmak,They plan to reach the problem this week.,She tried to reach the task before dinner.,,
425,sadly,A2,s,üzgünce,She spoke sadly during the meeting.,The team worked sadly on the final task.,,
426,safe,A2,s,güvenli,The safe answer was easy to understand.,We found a safe place to rest.,,
427,sailing,A2,s,yelken sporu,The sailing was part of the story.,She noticed the sailing during the lesson.,,
428,sake,A2,s,uğruna,He pointed to the sake on the page.,The sake appeared near the end of the story.,,
429,salt,A2,s,tuz,We shared the salt at lunch.,The cook used salt in the meal.,,
430,sample,A2,s,örnek,The sample was part of the story.,She noticed the sample during the lesson.,,
431,sandy,A2,s,kumlu,It was a sandy day for a walk.,He gave me a sandy smile after class.,,
432,satisfy,A2,s,tatmin etmek,The team will satisfy the issue tomorrow.,I hope to satisfy this skill with practice.,,
433,sauce,A2,s,sos,She ate a sauce after school.,He bought a fresh sauce at the market.,,
434,sausage,A2,s,sosis,The sausage tasted good with tea.,My sister put the sausage on a plate.,,
435,scale,A2,s,ölçek/tartı,The map uses a small scale.,She stood on the scale at the clinic.,,
436,tablespoon,A2,t,yemek kaşığı,The tablespoon was part of the story.,She noticed the tablespoon during the lesson.,,
437,talent,A2,t,yetenek,He pointed to the talent on the page.,The talent appeared near the end of the story.,,
438,tap,A2,t,musluk/dokunmak,Turn off the tap after washing your hands.,Tap the screen to start the game.,,
439,tape,A2,t,bant/kaset,She used tape to fix the box.,My father found an old music tape.,,
440,target,A2,t,hedef,He pointed to the target on the page.,The target appeared near the end of the story.,,
441,task,A2,t,görev,This task is not difficult.,Finish the task before lunch.,,
442,tear,A2,t,gözyaşı/yırtmak,A tear ran down her cheek.,Do not tear the paper.,,
443,teenage,A2,t,ergenlik dönemi,The class discussed the teenage after the video.,This example shows the teenage clearly.,,
444,teenager,A2,t,ergen,A young teenager waited outside the room.,The teenager spoke kindly to us.,,
445,temperature,A2,t,sıcaklık,The temperature is high today.,Check the temperature before you go out.,,
446,terrify,A2,t,korkutmak,We need to terrify the plan carefully.,He decided to terrify it after the meeting.,,
447,uncertain,A2,u,belirsiz,The uncertain answer was easy to understand.,We found an uncertain place to rest.,,
448,uncomfortable,A2,u,rahatsız,She felt uncomfortable before the test.,He looked uncomfortable after the phone call.,,
449,understand,A2,u,anlamak,We can understand the problem step by step.,He began to understand the answer during class.,,
450,underwater,A2,u,su altı,The underwater answer was easy to understand.,We found an underwater place to rest.,,
451,uneasy,A2,u,huzursuz,She felt uneasy before the test.,He looked uneasy after the phone call.,,
452,unfair,A2,u,haksız,It was an unfair day for a walk.,He gave me an unfair smile after class.,,
453,unforgettable,A2,u,unutulmaz,The unforgettable answer was easy to understand.,We found an unforgettable place to rest.,,
454,unfortunately,A2,u,ne yazık ki,He answered unfortunately when the teacher asked.,The machine moved unfortunately across the floor.,,
455,unhappy,A2,u,mutsuz,The child was unhappy in the dark room.,My friend became unhappy during the lesson.,,
456,unhealthy,A2,u,sağlıksız,The unhealthy answer was easy to understand.,We found an unhealthy place to rest.,,
457,valley,A2,v,vadi,They waited near the valley after lunch.,She took a photo of the valley in town.,,
458,value,A2,v,değer,This ring has great value.,The value of honesty is clear.,,
459,verb,A2,v,fiil,We saw the verb near the window.,My friend described the verb very clearly.,,
460,view,A2,v,görüş/manzara,The hotel room has a sea view.,I respect your view on this topic.,,
461,village,A2,v,köy,The village was quiet in the morning.,We found the village at the end of the street.,,
462,violent,A2,v,şiddetli,The violent answer was easy to understand.,We found a violent place to rest.,,
463,violin,A2,v,keman,The violin was part of the story.,She noticed the violin during the lesson.,,
464,visitor,A2,v,ziyaretçi,The visitor arrived early for work.,Everyone thanked the visitor after lunch.,,
465,vocabulary,A2,v,kelime bilgisi,We saw a vocabulary pattern in the results.,His vocabulary style made the story stronger.,,
466,voice,A2,v,ses,Her voice is soft and calm.,I heard a voice in the hallway.,,
467,walking,A2,w,yürüyüş,He pointed to the walking on the page.,The walking appeared near the end of the story.,,
468,wallet,A2,w,cüzdan,I cleaned the wallet before dinner.,The small wallet fell from the shelf.,,
469,wander,A2,w,dolaşmak,We like to wander through the old streets.,The child may wander away from the group.,,
470,washing-up,A2,w,bulaşık yıkama,The washing-up was on the wooden table.,My brother carried the washing-up to school.,,
471,wave,A2,w,dalga/el sallamak,A large wave hit the beach.,Please wave when you see the bus.,,
472,weak,A2,w,zayıf,The weak room felt calm and safe.,She chose a weak jacket for the trip.,,
473,wealth,A2,w,zenginlik,The class discussed the wealth after the video.,This example shows the wealth clearly.,,
474,web,A2,w,web/ağ,We saw the web near the window.,My friend described the web very clearly.,,
475,website,A2,w,web sitesi,She put the website beside her bag.,He found a website under the chair.,,
476,wedding,A2,w,düğün,It was a wedding day for a walk.,He gave me a wedding smile after class.,,
477,weekday,A2,w,hafta içi günü,We saw the weekday near the window.,My friend described the weekday very clearly.,,
478,yeah,A2,y,evet,"Yeah, I can come with you.",She said yeah with a big smile.,,
479,youth,A2,y,gençlik,Youth can bring energy to a team.,He spent his youth in a small village.,,
480,zone,A2,z,bölge,People gathered outside the zone.,The old zone looked clean and bright.,,
481,abandon,B1,a,terk etmek,They plan to abandon the problem this week.,She tried to abandon the task before dinner.,,
482,able,B1,a,yetenekli/-ebilir,It was an able day for a walk.,He gave me an able smile after class.,,
483,abnormal,B1,a,anormal,We saw an abnormal pattern in the results.,His abnormal style made the story stronger.,,
484,aboard,B1,a,gemide/uçakta,The passengers went aboard the ship.,She was already aboard the plane.,,
485,aborigine,B1,a,yerli halk üyesi,He pointed to the aborigine on the page.,The aborigine appeared near the end of the story.,,
486,absence,B1,a,yokluk,The absence changed the final result.,The story included a clear absence.,,
487,absent,B1,a,yok/gelmeyen,The absent room felt calm and safe.,She chose an absent jacket for the trip.,,
488,absolute,B1,a,mutlak,It was an absolute day for a walk.,He gave me an absolute smile after class.,,
489,absolutely,B1,a,kesinlikle,She spoke absolutely during the meeting.,The team worked absolutely on the final task.,,
490,absorb,B1,a,emmek/özümsemek,The absorb was part of the story.,She noticed the absorb during the lesson.,,
491,abstract,B1,a,soyut,It was an abstract day for a walk.,He gave me an abstract smile after class.,,
492,babysit,B1,b,bebek bakmak,The team will babysit the issue tomorrow.,I hope to babysit this skill with practice.,,
493,babysitter,B1,b,bebek bakıcısı,The babysitter helped a child near the door.,A friendly babysitter smiled during the meeting.,,
494,backache,B1,b,sırt ağrısı,He pointed to the backache on the page.,The backache appeared near the end of the story.,,
495,backpack,B1,b,sırt çantası,I cleaned the backpack before dinner.,The small backpack fell from the shelf.,,
496,backpacker,B1,b,sırt çantalı gezgin,The backpacker helped a child near the door.,A friendly backpacker smiled during the meeting.,,
497,backpacking,B1,b,sırt çantasıyla gezme,He pointed to the backpacking on the page.,The backpacking appeared near the end of the story.,,
498,bacon,B1,b,pastırma,We shared the bacon at lunch.,The cook used bacon in the meal.,,
499,baggage,B1,b,bagaj,She put the baggage beside her bag.,He found a baggage under the chair.,,
500,baker,B1,b,fırıncı,The baker arrived early for work.,Everyone thanked the baker after lunch.,,
501,bakery,B1,b,fırın,We saw the bakery near the window.,My friend described the bakery very clearly.,,
502,balance,B1,b,denge,The report described the balance clearly.,We noticed the balance during the project.,,
503,cabbage,B1,c,lahana,The cabbage tasted good with tea.,My sister put the cabbage on a plate.,,
504,cabin,B1,c,kulübe/kabin,People gathered outside the cabin.,The old cabin looked clean and bright.,,
505,cage,B1,c,kafes,She put the cage beside her bag.,He found a cage under the chair.,,
506,calculate,B1,c,hesaplamak,We need to calculate the plan carefully.,He decided to calculate it after the meeting.,,
507,calculation,B1,c,hesaplama,The calculation changed the final result.,The story included a clear calculation.,,
508,calculator,B1,c,hesap makinesi,She put the calculator beside her bag.,He found a calculator under the chair.,,
509,calf,B1,c,buzağı/baldır,He pointed to the calf on the page.,The calf appeared near the end of the story.,,
510,caller,B1,c,arayan kişi,A young caller waited outside the room.,The caller spoke kindly to us.,,
511,calm,B1,c,sakin,The calm room felt calm and safe.,She chose a calm jacket for the trip.,,
512,calmness,B1,c,sakinlik,The class discussed the calmness after the video.,This example shows the calmness clearly.,,
513,camel,B1,c,deve,We saw the camel near the window.,My friend described the camel very clearly.,,
514,daisy,B1,d,papatya,The daisy was part of the story.,She noticed the daisy during the lesson.,,
515,damage,B1,d,zarar,The class discussed the damage after the video.,This example shows the damage clearly.,,
516,damaged,B1,d,hasarlı,The damaged answer was easy to understand.,We found a damaged place to rest.,,
517,damp,B1,d,nemli,The damp room felt calm and safe.,She chose a damp jacket for the trip.,,
518,dangerously,B1,d,tehlikeli şekilde,He answered dangerously when the teacher asked.,The machine moved dangerously across the floor.,,
519,dare,B1,d,cesaret etmek,The team will dare the issue tomorrow.,I hope to dare this skill with practice.,,
520,darkness,B1,d,karanlık,The report described the darkness clearly.,We noticed the darkness during the project.,,
521,dating,B1,d,flört etme,It was a dating day for a walk.,He gave me a dating smile after class.,,
522,daze,B1,d,sersemletmek,The team will daze the issue tomorrow.,I hope to daze this skill with practice.,,
523,dazzle,B1,d,göz kamaştırmak,They plan to dazzle the problem this week.,She tried to dazzle the task before dinner.,,
524,deadline,B1,d,son tarih,He pointed to the deadline on the page.,The deadline appeared near the end of the story.,,
525,eager,B1,e,istekli,I was eager when I heard the news.,They seemed eager at the end of the day.,,
526,eagerness,B1,e,istek/heves,The report described the eagerness clearly.,We noticed the eagerness during the project.,,
527,earache,B1,e,kulak ağrısı,He pointed to the earache on the page.,The earache appeared near the end of the story.,,
528,earnest,B1,e,ciddi/samimi,The earnest answer was easy to understand.,We found an earnest place to rest.,,
529,eastern,B1,e,doğulu,The eastern room felt calm and safe.,She chose an eastern jacket for the trip.,,
530,eco,B1,e,eko/çevreci,He pointed to the eco on the page.,The eco appeared near the end of the story.,,
531,ecological,B1,e,ekolojik,We saw an ecological pattern in the results.,His ecological style made the story stronger.,,
532,ecology,B1,e,ekoloji,The class studied ecology in the forest.,Ecology helps us understand plants and animals.,,
533,economic,B1,e,ekonomik,This economic example helped the students.,The report used an economic idea clearly.,,
534,economics,B1,e,ekonomi bilimi,The economics changed the final result.,The story included a clear economics.,,
535,economy,B1,e,ekonomi,The report described the economy clearly.,We noticed the economy during the project.,,
536,face-to-face,B1,f,yüz yüze,It was a face-to-face day for a walk.,He gave me a face-to-face smile after class.,,
537,facility,B1,f,tesis/imkan,The sports facility opens at eight.,This facility has a large swimming pool.,,
538,fade,B1,f,solmak,The children like to fade after school.,We watched the birds fade near the trees.,,
539,failure,B1,f,başarısızlık,The class discussed the failure after the video.,This example shows the failure clearly.,,
540,faint,B1,f,bayılmak/soluk,I saw him faint near the park.,The crowd waited for the show to faint.,,
541,faithful,B1,f,sadık,The faithful room felt calm and safe.,She chose a faithful jacket for the trip.,,
542,fake,B1,f,sahte,It was a fake day for a walk.,He gave me a fake smile after class.,,
543,fallen,B1,f,düşmüş,The fallen answer was easy to understand.,We found a fallen place to rest.,,
544,fantasy,B1,f,fantezi/hayal,The fantasy was part of the story.,She noticed the fantasy during the lesson.,,
545,faraway,B1,f,uzaktaki,It was a faraway day for a walk.,He gave me a faraway smile after class.,,
546,farewell,B1,f,veda,We saw the farewell near the window.,My friend described the farewell very clearly.,,
547,gain,B1,g,kazanmak/kazanç,They plan to gain the problem this week.,She tried to gain the task before dinner.,,
548,gall,B1,g,safra/küstahlık,He pointed to the gall on the page.,The gall appeared near the end of the story.,,
549,gallon,B1,g,galon,I cleaned the gallon before dinner.,The small gallon fell from the shelf.,,
550,gap,B1,g,boşluk,The gap was part of the story.,She noticed the gap during the lesson.,,
551,gardening,B1,g,bahçıvanlık,He pointed to the gardening on the page.,The gardening appeared near the end of the story.,,
552,garment,B1,g,giysi,I cleaned the garment before dinner.,The small garment fell from the shelf.,,
553,gay,B1,g,eşcinsel/neşeli,The gay was part of the story.,She noticed the gay during the lesson.,,
554,gee,B1,g,vay,He pointed to the gee on the page.,The gee appeared near the end of the story.,,
555,gene,B1,g,gen,We saw the gene near the window.,My friend described the gene very clearly.,,
556,general,B1,g,genel,The general detail changed the whole plan.,She gave a general answer in class.,,
557,generally,B1,g,genellikle,This rule is generally true.,Students generally arrive before the bell.,,
558,habitat,B1,h,yaşam alanı,We saw the habitat near the window.,My friend described the habitat very clearly.,,
559,hairdresser,B1,h,kuaför,The hairdresser helped a child near the door.,A friendly hairdresser smiled during the meeting.,,
560,hairdryer,B1,h,saç kurutma makinesi,The hairdryer was on the wooden table.,My brother carried the hairdryer to school.,,
561,hammer,B1,h,çekiç,I cleaned the hammer before dinner.,The small hammer fell from the shelf.,,
562,hand-held,B1,h,elde taşınan,She put the hand-held beside her bag.,He found a hand-held under the chair.,,
563,handball,B1,h,hentbol,The handball was on the wooden table.,My brother carried the handball to school.,,
564,handkerchief,B1,h,mendil,I cleaned the handkerchief before dinner.,The small handkerchief fell from the shelf.,,
565,handshake,B1,h,el sıkışma,The handshake was part of the story.,She noticed the handshake during the lesson.,,
566,handwriting,B1,h,el yazısı,It was a handwriting day for a walk.,He gave me a handwriting smile after class.,,
567,handy,B1,h,kullanışlı,The handy answer was easy to understand.,We found a handy place to rest.,,
568,hang,B1,h,asmak,They plan to hang the problem this week.,She tried to hang the task before dinner.,,
569,identity,B1,i,kimlik,The class discussed the identity after the video.,This example shows the identity clearly.,,
570,idiom,B1,i,deyim,We saw the idiom near the window.,My friend described the idiom very clearly.,,
571,idol,B1,i,idol,The idol was part of the story.,She noticed the idol during the lesson.,,
572,ignore,B1,i,görmezden gelmek,We can ignore the problem step by step.,He began to ignore the answer during class.,,
573,illegally,B1,i,yasa dışı şekilde,The report explained the change illegally.,The room was designed illegally for better sound.,,
574,illness,B1,i,hastalık,His illness kept him at home.,The doctor treated the illness quickly.,,
575,illuminate,B1,i,aydınlatmak,We need to illuminate the plan carefully.,He decided to illuminate it after the meeting.,,
576,imaginary,B1,i,hayali,We saw an imaginary pattern in the results.,His imaginary style made the story stronger.,,
577,imitate,B1,i,taklit etmek,They plan to imitate the problem this week.,She tried to imitate the task before dinner.,,
578,immediate,B1,i,hemen/acil,It was an immediate day for a walk.,He gave me an immediate smile after class.,,
579,immediately,B1,i,hemen,They walked immediately through the quiet hall.,The student listened immediately to the story.,,
580,jade,B1,j,yeşim taşı,The jade was part of the story.,She noticed the jade during the lesson.,,
581,jar,B1,j,kavanoz,He pointed to the jar on the page.,The jar appeared near the end of the story.,,
582,jazz,B1,j,caz,We saw the jazz near the window.,My friend described the jazz very clearly.,,
583,jealous,B1,j,kıskanç,She felt jealous before the test.,He looked jealous after the phone call.,,
584,jewel,B1,j,mücevher,He pointed to the jewel on the page.,The jewel appeared near the end of the story.,,
585,jog,B1,j,hafif koşmak,I saw him jog near the park.,The crowd waited for the show to jog.,,
586,jogging,B1,j,hafif koşu,The jogging was part of the story.,She noticed the jogging during the lesson.,,
587,joint,B1,j,ortak/eklem,They made a joint decision after lunch.,My knee joint feels stiff today.,,
588,journal,B1,j,dergi/günlük,We saw a journal pattern in the results.,His journal style made the story stronger.,,
589,journalist,B1,j,gazeteci,The journalist helped a child near the door.,A friendly journalist smiled during the meeting.,,
590,kettle,B1,k,su ısıtıcısı,The kettle was on the wooden table.,My brother carried the kettle to school.,,
591,keyboard,B1,k,klavye,I typed the message on a keyboard.,The keyboard has a broken key.,,
592,killing,B1,k,öldürme,The killing was part of the story.,She noticed the killing during the lesson.,,
593,kindness,B1,k,nezaket,The class discussed the kindness after the video.,This example shows the kindness clearly.,,
594,kitten,B1,k,yavru kedi,We saw the kitten near the window.,My friend described the kitten very clearly.,,
595,knit,B1,k,örmek,They plan to knit the problem this week.,She tried to knit the task before dinner.,,
596,lab,B1,l,laboratuvar,He pointed to the lab on the page.,The lab appeared near the end of the story.,,
597,laboratory,B1,l,laboratuvar,We saw a laboratory pattern in the results.,His laboratory style made the story stronger.,,
598,ladder,B1,l,merdiven,He climbed the ladder to fix the roof.,The ladder stood against the wall.,,
599,lamb,B1,l,kuzu,He pointed to the lamb on the page.,The lamb appeared near the end of the story.,,
600,landlord,B1,l,ev sahibi,A young landlord waited outside the room.,The landlord spoke kindly to us.,,
601,largely,B1,l,büyük ölçüde,She spoke largely during the meeting.,The team worked largely on the final task.,,
602,lasting,B1,l,kalıcı,It was a lasting day for a walk.,He gave me a lasting smile after class.,,
603,latecomer,B1,l,geç gelen kişi,We saw the latecomer near the window.,My friend described the latecomer very clearly.,,
604,lately,B1,l,son zamanlarda,The plan changed lately after lunch.,She smiled lately at the good news.,,
605,laughter,B1,l,kahkaha,He pointed to the laughter on the page.,The laughter appeared near the end of the story.,,
606,launch,B1,l,başlatmak/fırlatmak,They will launch the app next week.,The rocket launch was shown on TV.,,
607,magical,B1,m,sihirli,The magical detail changed the whole plan.,She gave a magical answer in class.,,
608,magician,B1,m,sihirbaz,He pointed to the magician on the page.,The magician appeared near the end of the story.,,
609,magnificent,B1,m,muhteşem,The magnificent answer was easy to understand.,We found a magnificent place to rest.,,
610,mailbox,B1,m,posta kutusu,She put the mailbox beside her bag.,He found a mailbox under the chair.,,
611,main,B1,m,ana,It was a main day for a walk.,He gave me a main smile after class.,,
612,maintain,B1,m,sürdürmek/bakım yapmak,The team will maintain the issue tomorrow.,I hope to maintain this skill with practice.,,
613,maintenance,B1,m,bakım,The report described the maintenance clearly.,We noticed the maintenance during the project.,,
614,majority,B1,m,çoğunluk,The class discussed the majority after the video.,This example shows the majority clearly.,,
615,management,B1,m,yönetim,Good management helped the team finish early.,The hotel management answered our complaint.,,
616,mankind,B1,m,insanlık,The mankind was part of the story.,She noticed the mankind during the lesson.,,
617,maple,B1,m,akçaağaç,He pointed to the maple on the page.,The maple appeared near the end of the story.,,
618,nail,B1,n,tırnak/çivi,He hit the nail with a hammer.,She painted each nail red.,,
619,naked,B1,n,çıplak,The naked room felt calm and safe.,She chose a naked jacket for the trip.,,
620,nap,B1,n,şekerleme/uyuklama,The baby took a short nap.,I need to nap after the long trip.,,
621,narrate,B1,n,anlatmak,He will narrate to his friend tonight.,The manager chose to narrate the team clearly.,,
622,narrative,B1,n,anlatı,The narrative detail changed the whole plan.,She gave a narrative answer in class.,,
623,narrow,B1,n,dar,It was a narrow day for a walk.,He gave me a narrow smile after class.,,
624,nasty,B1,n,kötü/çirkin,The nasty answer was easy to understand.,We found a nasty place to rest.,,
625,nationalist,B1,n,milliyetçi,The nationalist room felt calm and safe.,She chose a nationalist jacket for the trip.,,
626,naturally,B1,n,doğal olarak,The team compared the samples naturally.,The model reacted naturally to the new data.,,
627,nearby,B1,n,yakındaki,The nearby answer was easy to understand.,We found a nearby place to rest.,,
628,object,B1,o,nesne/itiraz etmek,Place the small object on the desk.,Some students object to the new rule.,,
629,objection,B1,o,itiraz,The class discussed the objection after the video.,This example shows the objection clearly.,,
630,objective,B1,o,amaç/nesnel,We saw an objective pattern in the results.,His objective style made the story stronger.,,
631,observation,B1,o,gözlem,The report described the observation clearly.,We noticed the observation during the project.,,
632,observe,B1,o,gözlemlemek,We can observe the problem step by step.,He began to observe the answer during class.,,
633,obstacle,B1,o,engel,We saw the obstacle near the window.,My friend described the obstacle very clearly.,,
634,obtain,B1,o,elde etmek,They plan to obtain the problem this week.,She tried to obtain the task before dinner.,,
635,obvious,B1,o,bariz,This obvious example helped the students.,The report used an obvious idea clearly.,,
636,obviously,B1,o,açıkça,The plan changed obviously after lunch.,She smiled obviously at the good news.,,
637,occasion,B1,o,durum/fırsat,The report described the occasion clearly.,We noticed the occasion during the project.,,
638,occasional,B1,o,ara sıra olan,This occasional example helped the students.,The report used an occasional idea clearly.,,
639,pace,B1,p,tempo/adım,We saw the pace near the window.,My friend described the pace very clearly.,,
640,package,B1,p,paket,She put the package beside her bag.,He found a package under the chair.,,
641,packing,B1,p,paketleme,He pointed to the packing on the page.,The packing appeared near the end of the story.,,
642,paddle,B1,p,kürek çekmek/kürek,He used a paddle in the canoe.,They paddle across the quiet lake.,,
643,paid,B1,p,ücretli/ödenmiş,The paid room felt calm and safe.,She chose a paid jacket for the trip.,,
644,pain,B1,p,ağrı/acı,He pointed to the pain on the page.,The pain appeared near the end of the story.,,
645,painful,B1,p,acı verici,The painful answer was easy to understand.,We found a painful place to rest.,,
646,pale,B1,p,solgun,The pale room felt calm and safe.,She chose a pale jacket for the trip.,,
647,palm,B1,p,avuç/palmiye,She held the coin in her palm.,A tall palm grew near the beach.,,
648,parachute,B1,p,paraşüt,I cleaned the parachute before dinner.,The small parachute fell from the shelf.,,
649,paradise,B1,p,cennet,The paradise was part of the story.,She noticed the paradise during the lesson.,,
650,quake,B1,q,sarsılmak/deprem,He pointed to the quake on the page.,The quake appeared near the end of the story.,,
651,qualified,B1,q,nitelikli,The qualified answer was easy to understand.,We found a qualified place to rest.,,
652,qualify,B1,q,hak kazanmak/nitelendirmek,They plan to qualify the problem this week.,She tried to qualify the task before dinner.,,
653,quantity,B1,q,miktar,The class discussed the quantity after the video.,This example shows the quantity clearly.,,
654,questionnaire,B1,q,anket,I cleaned the questionnaire before dinner.,The small questionnaire fell from the shelf.,,
655,queue,B1,q,kuyruk/sıraya girmek,We stood in a long queue at the station.,Please queue quietly before the door opens.,,
656,race,B1,r,yarış/ırk,The race started at nine o’clock.,They race bikes every Sunday.,,
657,racial,B1,r,ırksal,We saw a racial pattern in the results.,His racial style made the story stronger.,,
658,radiation,B1,r,radyasyon,The report described the radiation clearly.,We noticed the radiation during the project.,,
659,rage,B1,r,öfke,The class discussed the rage after the video.,This example shows the rage clearly.,,
660,rail,B1,r,ray/korkuluk,I cleaned the rail before dinner.,The small rail fell from the shelf.,,
661,railroad,B1,r,demiryolu,The railroad was part of the story.,She noticed the railroad during the lesson.,,
662,railway,B1,r,demiryolu,The railway was quiet in the morning.,We found the railway at the end of the street.,,
663,rainfall,B1,r,yağış,We saw the rainfall near the window.,My friend described the rainfall very clearly.,,
664,rainforest,B1,r,yağmur ormanı,They waited near the rainforest after lunch.,She took a photo of the rainforest in town.,,
665,rank,B1,r,rütbe/sıralamak,Her rank in the class improved.,The coach will rank the players today.,,
666,rapid,B1,r,hızlı,The rapid answer was easy to understand.,We found a rapid place to rest.,,
667,sacred,B1,s,kutsal,The sacred room felt calm and safe.,She chose a sacred jacket for the trip.,,
668,sadness,B1,s,üzüntü,The class discussed the sadness after the video.,This example shows the sadness clearly.,,
669,safari,B1,s,safari,We saw the safari near the window.,My friend described the safari very clearly.,,
670,safeguard,B1,s,korumak/koruma,They plan to safeguard the problem this week.,She tried to safeguard the task before dinner.,,
671,safely,B1,s,güvenle,They walked safely through the quiet hall.,The student listened safely to the story.,,
672,safety,B1,s,güvenlik,We saw the safety near the window.,My friend described the safety very clearly.,,
673,salesman,B1,s,satış görevlisi,The salesman helped a child near the door.,A friendly salesman smiled during the meeting.,,
674,salmon,B1,s,somon,The salmon tasted good with tea.,My sister put the salmon on a plate.,,
675,sand,B1,s,kum,We saw the sand near the window.,My friend described the sand very clearly.,,
676,sandal,B1,s,sandalet,The sandal detail changed the whole plan.,She gave a sandal answer in class.,,
677,satellite,B1,s,uydu,He pointed to the satellite on the page.,The satellite appeared near the end of the story.,,
678,tablet,B1,t,tablet,I cleaned the tablet before dinner.,The small tablet fell from the shelf.,,
679,takeaway,B1,t,paket servis/çıkarım,They waited near the takeaway after lunch.,She took a photo of the takeaway in town.,,
680,tale,B1,t,masal/hikaye,He pointed to the tale on the page.,The tale appeared near the end of the story.,,
681,talented,B1,t,yetenekli,The talented answer was easy to understand.,We found a talented place to rest.,,
682,talkative,B1,t,konuşkan,The talkative detail changed the whole plan.,She gave a talkative answer in class.,,
683,tank,B1,t,tank/depo,The fish tank is beside the window.,The army tank crossed the road slowly.,,
684,taste,B1,t,tat/tatmak,This soup has a salty taste.,Please taste the sauce before dinner.,,
685,tasteless,B1,t,tatsız,The tasteless room felt calm and safe.,She chose a tasteless jacket for the trip.,,
686,tasty,B1,t,lezzetli,It was a tasty day for a walk.,He gave me a tasty smile after class.,,
687,tax,B1,t,vergi,The team will tax the issue tomorrow.,I hope to tax this skill with practice.,,
688,teaching,B1,t,öğretim,The teaching was part of the story.,She noticed the teaching during the lesson.,,
689,unable,B1,u,yapamayan,It was an unable day for a walk.,He gave me an unable smile after class.,,
690,unafraid,B1,u,korkusuz,I was unafraid when I heard the news.,They seemed unafraid at the end of the day.,,
691,unbelievable,B1,u,inanılmaz,The unbelievable room felt calm and safe.,She chose an unbelievable jacket for the trip.,,
692,uncertainty,B1,u,belirsizlik,Uncertainty made the students nervous.,There is still uncertainty about the final date.,,
693,unclear,B1,u,belirsiz/anlaşılmaz,The unclear answer was easy to understand.,We found an unclear place to rest.,,
694,uncontrollable,B1,u,kontrol edilemez,The uncontrollable room felt calm and safe.,She chose an uncontrollable jacket for the trip.,,
695,uncover,B1,u,ortaya çıkarmak,We need to uncover the plan carefully.,He decided to uncover it after the meeting.,,
696,underage,B1,u,reşit olmayan,The underage changed the final result.,The story included a clear underage.,,
697,undergo,B1,u,geçirmek/maruz kalmak,They plan to undergo the problem this week.,She tried to undergo the task before dinner.,,
698,underneath,B1,u,altında,The class discussed the underneath after the video.,This example shows the underneath clearly.,,
699,vacancy,B1,v,boş yer,The vacancy changed the final result.,The story included a clear vacancy.,,
700,vague,B1,v,belirsiz,The vague room felt calm and safe.,She chose a vague jacket for the trip.,,
701,vain,B1,v,kibirli/boşuna,It was a vain day for a walk.,He gave me a vain smile after class.,,
702,valuable,B1,v,değerli,The valuable answer was easy to understand.,We found a valuable place to rest.,,
703,van,B1,v,minibüs/kamyonet,The van was part of the story.,She noticed the van during the lesson.,,
704,variety,B1,v,çeşitlilik,He pointed to the variety on the page.,The variety appeared near the end of the story.,,
705,various,B1,v,çeşitli,We saw a various pattern in the results.,His various style made the story stronger.,,
706,vary,B1,v,değişmek,They plan to vary the problem this week.,She tried to vary the task before dinner.,,
707,vast,B1,v,çok büyük,It was a vast day for a walk.,He gave me a vast smile after class.,,
708,vegetarian,B1,v,vejetaryen,The vegetarian answer was easy to understand.,We found a vegetarian place to rest.,,
709,wagon,B1,w,vagon,The wagon was part of the story.,She noticed the wagon during the lesson.,,
710,ward,B1,w,koğuş/bölge,He pointed to the ward on the page.,The ward appeared near the end of the story.,,
711,wardrobe,B1,w,gardırop,We saw the wardrobe near the window.,My friend described the wardrobe very clearly.,,
712,warmly,B1,w,sıcak şekilde,The plan changed warmly after lunch.,She smiled warmly at the good news.,,
713,warmth,B1,w,sıcaklık,The class discussed the warmth after the video.,This example shows the warmth clearly.,,
714,warn,B1,w,uyarmak,He will warn to his friend tonight.,The manager chose to warn the team clearly.,,
715,warning,B1,w,uyarı,The warning room felt calm and safe.,She chose a warning jacket for the trip.,,
716,warranty,B1,w,garanti,He pointed to the warranty on the page.,The warranty appeared near the end of the story.,,
717,warrior,B1,w,savaşçı,A young warrior waited outside the room.,The warrior spoke kindly to us.,,
718,washbowl,B1,w,lavabo/leğen,The washbowl was part of the story.,She noticed the washbowl during the lesson.,,
719,yell,B1,y,bağırmak,She tried to yell the news calmly.,They asked him to yell the story again.,,
720,yoga,B1,y,yoga,We saw the yoga near the window.,My friend described the yoga very clearly.,,
721,abandoned,B2,a,terk edilmiş,The abandoned room felt calm and safe.,She chose an abandoned jacket for the trip.,,
722,abnormally,B2,a,anormal şekilde,The team compared the samples abnormally.,The model reacted abnormally to the new data.,,
723,abolish,B2,a,ortadan kaldırmak,The team will abolish the issue tomorrow.,I hope to abolish this skill with practice.,,
724,aboriginal,B2,a,yerli,The aboriginal detail changed the whole plan.,She gave an aboriginal answer in class.,,
725,abruptly,B2,a,aniden,She spoke abruptly during the meeting.,The team worked abruptly on the final task.,,
726,absentee,B2,a,devamsız kişi,We saw the absentee near the window.,My friend described the absentee very clearly.,,
727,absurd,B2,a,saçma,The absurd room felt calm and safe.,She chose an absurd jacket for the trip.,,
728,abuse,B2,a,kötüye kullanmak/istismar,We need to abuse the plan carefully.,He decided to abuse it after the meeting.,,
729,accessibility,B2,a,erişilebilirlik,The accessibility changed the final result.,The story included a clear accessibility.,,
730,accommodation,B2,a,konaklama,The report described the accommodation clearly.,We noticed the accommodation during the project.,,
731,backup,B2,b,yedek,He pointed to the backup on the page.,The backup appeared near the end of the story.,,
732,backyard,B2,b,arka bahçe,People gathered outside the backyard.,The old backyard looked clean and bright.,,
733,bad-tempered,B2,b,huysuz,The bad-tempered room felt calm and safe.,She chose a bad-tempered jacket for the trip.,,
734,badge,B2,b,rozet,The badge was on the wooden table.,My brother carried the badge to school.,,
735,balanced,B2,b,dengeli,The balanced answer was easy to understand.,We found a balanced place to rest.,,
736,balky,B2,b,inatçı,The balky room felt calm and safe.,She chose a balky jacket for the trip.,,
737,ballad,B2,b,balad,He pointed to the ballad on the page.,The ballad appeared near the end of the story.,,
738,ballet,B2,b,bale,We saw the ballet near the window.,My friend described the ballet very clearly.,,
739,ballot,B2,b,oy pusulası,She put the ballot beside her bag.,He found a ballot under the chair.,,
740,ban,B2,b,yasaklamak/yasak,We need to ban the plan carefully.,He decided to ban it after the meeting.,,
741,cabinet,B2,c,dolap/kabine,I cleaned the cabinet before dinner.,The small cabinet fell from the shelf.,,
742,cable,B2,c,kablo,The cable room felt calm and safe.,She chose a cable jacket for the trip.,,
743,calmly,B2,c,sakin şekilde,They walked calmly through the quiet hall.,The student listened calmly to the story.,,
744,campaign,B2,c,kampanya,We saw the campaign near the window.,My friend described the campaign very clearly.,,
745,candidate,B2,c,aday,The candidate helped a child near the door.,A friendly candidate smiled during the meeting.,,
746,cane,B2,c,baston/kamış,The cane was on the wooden table.,My brother carried the cane to school.,,
747,cannonball,B2,c,gülle,I cleaned the cannonball before dinner.,The small cannonball fell from the shelf.,,
748,canon,B2,c,kural/kanon,The canon was part of the story.,She noticed the canon during the lesson.,,
749,capability,B2,c,yetenek/kapasite,The class discussed the capability after the video.,This example shows the capability clearly.,,
750,caption,B2,c,başlık/altyazı,I cleaned the caption before dinner.,The small caption fell from the shelf.,,
751,captive,B2,c,esir,The captive detail changed the whole plan.,She gave a captive answer in class.,,
752,daft,B2,d,aptalca,It was a daft day for a walk.,He gave me a daft smile after class.,,
753,damn,B2,d,lanetlemek,We saw the damn near the window.,My friend described the damn very clearly.,,
754,dandelion,B2,d,karahindiba,The dandelion was part of the story.,She noticed the dandelion during the lesson.,,
755,darling,B2,d,sevgili,It was a darling day for a walk.,He gave me a darling smile after class.,,
756,dash,B2,d,koşmak/çizgi,We saw the dash near the window.,My friend described the dash very clearly.,,
757,data,B2,d,veri,The data was part of the story.,She noticed the data during the lesson.,,
758,database,B2,d,veritabanı,He pointed to the database on the page.,The database appeared near the end of the story.,,
759,dated,B2,d,tarihli/eski moda,The dated answer was easy to understand.,We found a dated place to rest.,,
760,daughter-in-law,B2,d,gelin,She put the daughter-in-law beside her bag.,He found a daughter-in-law under the chair.,,
761,dawn,B2,d,şafak,He pointed to the dawn on the page.,The dawn appeared near the end of the story.,,
762,eagerly,B2,e,istekle,He answered eagerly when the teacher asked.,The machine moved eagerly across the floor.,,
763,eagle,B2,e,kartal,An eagle flew over the mountain.,The eagle watched the valley from a rock.,,
764,earnings,B2,e,kazanç,He pointed to the earnings on the page.,The earnings appeared near the end of the story.,,
765,ease,B2,e,kolaylık/rahatlatmak,We saw the ease near the window.,My friend described the ease very clearly.,,
766,eastward,B2,e,doğuya doğru,He answered eastward when the teacher asked.,The machine moved eastward across the floor.,,
767,ecologically,B2,e,ekolojik olarak,The team compared the samples ecologically.,The model reacted ecologically to the new data.,,
768,ecologist,B2,e,ekolog,A young ecologist waited outside the room.,The ecologist spoke kindly to us.,,
769,economical,B2,e,ekonomik/tasarruflu,The economical detail changed the whole plan.,She gave an economical answer in class.,,
770,economist,B2,e,ekonomist,The economist arrived early for work.,Everyone thanked the economist after lunch.,,
771,ecstatic,B2,e,kendinden geçmiş,We saw an ecstatic pattern in the results.,His ecstatic style made the story stronger.,,
772,fabric,B2,f,kumaş,The fabric detail changed the whole plan.,She gave a fabric answer in class.,,
773,fabulous,B2,f,muhteşem,This fabulous example helped the students.,The report used a fabulous idea clearly.,,
774,facilitate,B2,f,kolaylaştırmak,The team will facilitate the issue tomorrow.,I hope to facilitate this skill with practice.,,
775,facilities,B2,f,tesisler/imkanlar,The facilities was part of the story.,She noticed the facilities during the lesson.,,
776,factor,B2,f,faktör,He pointed to the factor on the page.,The factor appeared near the end of the story.,,
777,faculty,B2,f,fakülte/yeti,We saw the faculty near the window.,My friend described the faculty very clearly.,,
778,faith,B2,f,inanç,The report described the faith clearly.,We noticed the faith during the project.,,
779,falter,B2,f,bocalamak,We need to falter the plan carefully.,He decided to falter it after the meeting.,,
780,fame,B2,f,şöhret,We saw the fame near the window.,My friend described the fame very clearly.,,
781,fantastically,B2,f,harika şekilde,The system behaved fantastically during the test.,The result changed fantastically in the study.,,
782,gaiety,B2,g,neşe,He pointed to the gaiety on the page.,The gaiety appeared near the end of the story.,,
783,gambling,B2,g,kumar,We saw the gambling near the window.,My friend described the gambling very clearly.,,
784,gang,B2,g,çete,The gang was part of the story.,She noticed the gang during the lesson.,,
785,gangster,B2,g,gangster,The gangster arrived early for work.,Everyone thanked the gangster after lunch.,,
786,gardener,B2,g,bahçıvan,A young gardener waited outside the room.,The gardener spoke kindly to us.,,
787,gasp,B2,g,soluk soluğa kalmak,The children like to gasp after school.,We watched the birds gasp near the trees.,,
788,gateway,B2,g,geçit,The gateway was quiet in the morning.,We found the gateway at the end of the street.,,
789,gaudy,B2,g,gösterişli/rüküş,The gaudy answer was easy to understand.,We found a gaudy place to rest.,,
790,gaze,B2,g,bakmak/bakış,She gave the painting a long gaze.,They gaze at the stars every night.,,
791,gear,B2,g,donanım/vites,The gear was on the wooden table.,My brother carried the gear to school.,,
792,habitant,B2,h,sakin/yerleşik,We saw the habitant near the window.,My friend described the habitant very clearly.,,
793,hail,B2,h,dolu yağışı/selamlamak,Hail damaged the old roof.,The guards hail the king at the gate.,,
794,hairy,B2,h,kıllı,It was a hairy day for a walk.,He gave me a hairy smile after class.,,
795,handicap,B2,h,engel/dezavantaj,A broken lift was a serious handicap.,The rule gave each player a handicap.,,
796,handicraft,B2,h,el sanatı,The handicraft was part of the story.,She noticed the handicraft during the lesson.,,
797,handout,B2,h,dağıtılan belge,The handout was on the wooden table.,My brother carried the handout to school.,,
798,handrail,B2,h,tırabzan,I cleaned the handrail before dinner.,The small handrail fell from the shelf.,,
799,hardware,B2,h,donanım,She put the hardware beside her bag.,He found a hardware under the chair.,,
800,harmless,B2,h,zararsız,It was a harmless day for a walk.,He gave me a harmless smile after class.,,
801,harrow,B2,h,tırmık/üzmek,We saw the harrow near the window.,My friend described the harrow very clearly.,,
802,iceman,B2,i,buzcu,The iceman helped a child near the door.,A friendly iceman smiled during the meeting.,,
803,icon,B2,i,ikon,He pointed to the icon on the page.,The icon appeared near the end of the story.,,
804,icy,B2,i,buzlu,The icy changed the final result.,The story included a clear icy.,,
805,ideally,B2,i,ideal olarak,The system behaved ideally during the test.,The result changed ideally in the study.,,
806,identical,B2,i,aynı/özdeş,This identical example helped the students.,The report used an identical idea clearly.,,
807,identification,B2,i,tanımlama/kimlik,The identification changed the final result.,The story included a clear identification.,,
808,identify,B2,i,tanımlamak,Try to identify the main idea first.,She wants to identify the reason clearly.,,
809,ideology,B2,i,ideoloji,The class discussed the ideology after the video.,This example shows the ideology clearly.,,
810,idiot,B2,i,aptal,We saw the idiot near the window.,My friend described the idiot very clearly.,,
811,idle,B2,i,boş/aylak,The idle room felt calm and safe.,She chose an idle jacket for the trip.,,
812,jaw,B2,j,çene,His jaw hurt after the fall.,The dog held the toy in its jaw.,,
813,jealously,B2,j,kıskançlıkla,She spoke jealously during the meeting.,The team worked jealously on the final task.,,
814,journalism,B2,j,gazetecilik,The report described the journalism clearly.,We noticed the journalism during the project.,,
815,judo,B2,j,judo,He pointed to the judo on the page.,The judo appeared near the end of the story.,,
816,juror,B2,j,jüri üyesi,A young juror waited outside the room.,The juror spoke kindly to us.,,
817,jury,B2,j,jüri,The jury was part of the story.,She noticed the jury during the lesson.,,
818,justify,B2,j,haklı çıkarmak,We can justify the problem step by step.,He began to justify the answer during class.,,
819,kangaroo,B2,k,kanguru,We saw the kangaroo near the window.,My friend described the kangaroo very clearly.,,
820,karaoke,B2,k,karaoke,The karaoke was part of the story.,She noticed the karaoke during the lesson.,,
821,keen,B2,k,hevesli/keskin,It was a keen day for a walk.,He gave me a keen smile after class.,,
822,keeper,B2,k,bakıcı/koruyucu,A young keeper waited outside the room.,The keeper spoke kindly to us.,,
823,kerosene,B2,k,gaz yağı,The lamp uses kerosene at night.,They stored kerosene in a metal can.,,
824,keystroke,B2,k,tuş vuruşu,He pointed to the keystroke on the page.,The keystroke appeared near the end of the story.,,
825,kneel,B2,k,diz çökmek,I saw him kneel near the park.,The crowd waited for the show to kneel.,,
826,knot,B2,k,düğüm,The knot was part of the story.,She noticed the knot during the lesson.,,
827,knowingly,B2,k,bilerek,They walked knowingly through the quiet hall.,The student listened knowingly to the story.,,
828,known,B2,k,bilinen,The known answer was easy to understand.,We found a known place to rest.,,
829,label,B2,l,etiket,They plan to label the problem this week.,She tried to label the task before dinner.,,
830,lame,B2,l,topal/zayıf,It was a lame day for a walk.,He gave me a lame smile after class.,,
831,lance,B2,l,mızrak,The lance changed the final result.,The story included a clear lance.,,
832,landing,B2,l,iniş,The landing room felt calm and safe.,She chose a landing jacket for the trip.,,
833,landlady,B2,l,ev sahibesi,The landlady arrived early for work.,Everyone thanked the landlady after lunch.,,
834,landslide,B2,l,heyelan,We saw the landslide near the window.,My friend described the landslide very clearly.,,
835,lap,B2,l,kucak/tur,The cat slept on her lap.,He ran one lap around the track.,,
836,laptop,B2,l,dizüstü bilgisayar,The laptop was on the wooden table.,My brother carried the laptop to school.,,
837,lark,B2,l,tarla kuşu/eğlence,We saw the lark near the window.,My friend described the lark very clearly.,,
838,laser,B2,l,lazer,She put the laser beside her bag.,He found a laser under the chair.,,
839,madam,B2,m,hanımefendi,The madam arrived early for work.,Everyone thanked the madam after lunch.,,
840,madame,B2,m,madam,A young madame waited outside the room.,The madame spoke kindly to us.,,
841,madness,B2,m,delilik,The report described the madness clearly.,We noticed the madness during the project.,,
842,maestro,B2,m,usta şef,He pointed to the maestro on the page.,The maestro appeared near the end of the story.,,
843,magnify,B2,m,büyütmek,The team will magnify the issue tomorrow.,I hope to magnify this skill with practice.,,
844,malady,B2,m,hastalık,The malady was part of the story.,She noticed the malady during the lesson.,,
845,malaria,B2,m,sıtma,He pointed to the malaria on the page.,The malaria appeared near the end of the story.,,
846,mango,B2,m,mango,We shared the mango at lunch.,The cook used mango in the meal.,,
847,manipulate,B2,m,manipüle etmek,They plan to manipulate the problem this week.,She tried to manipulate the task before dinner.,,
848,mansion,B2,m,konak,The mansion was quiet in the morning.,We found the mansion at the end of the street.,,
849,nano,B2,n,nano,We saw the nano near the window.,My friend described the nano very clearly.,,
850,narcissistic,B2,n,narsist,The narcissistic detail changed the whole plan.,She gave a narcissistic answer in class.,,
851,narrator,B2,n,anlatıcı,The narrator arrived early for work.,Everyone thanked the narrator after lunch.,,
852,narrowly,B2,n,kıl payı/dar şekilde,The plan changed narrowly after lunch.,She smiled narrowly at the good news.,,
853,nationwide,B2,n,ülke çapında,She spoke nationwide during the meeting.,The team worked nationwide on the final task.,,
854,naughty,B2,n,yaramaz,It was a naughty day for a walk.,He gave me a naughty smile after class.,,
855,naval,B2,n,deniz kuvvetleriyle ilgili,We saw a naval pattern in the results.,His naval style made the story stronger.,,
856,navigate,B2,n,yön bulmak,They plan to navigate the problem this week.,She tried to navigate the task before dinner.,,
857,navigation,B2,n,navigasyon,The class discussed the navigation after the video.,This example shows the navigation clearly.,,
858,navy,B2,n,donanma,People gathered outside the navy.,The old navy looked clean and bright.,,
859,oath,B2,o,yemin,The report described the oath clearly.,We noticed the oath during the project.,,
860,obedience,B2,o,itaat,The class discussed the obedience after the video.,This example shows the obedience clearly.,,
861,obedient,B2,o,itaatkar,The obedient answer was easy to understand.,We found an obedient place to rest.,,
862,obey,B2,o,itaat etmek,They plan to obey the problem this week.,She tried to obey the task before dinner.,,
863,obituary,B2,o,ölüm ilanı,This obituary example helped the students.,The report used an obituary idea clearly.,,
864,obligation,B2,o,yükümlülük,The obligation changed the final result.,The story included a clear obligation.,,
865,observer,B2,o,gözlemci,The observer helped a child near the door.,A friendly observer smiled during the meeting.,,
866,obsess,B2,o,takıntı yapmak,We need to obsess the plan carefully.,He decided to obsess it after the meeting.,,
867,obsession,B2,o,takıntı,The obsession changed the final result.,The story included a clear obsession.,,
868,obsessive,B2,o,takıntılı,The obsessive detail changed the whole plan.,She gave an obsessive answer in class.,,
869,pa,B2,p,baba,He pointed to the pa on the page.,The pa appeared near the end of the story.,,
870,packed,B2,p,paketlenmiş/dolu,The packed answer was easy to understand.,We found a packed place to rest.,,
871,packet,B2,p,paket,She put the packet beside her bag.,He found a packet under the chair.,,
872,pad,B2,p,not defteri/yastık,The pad was on the wooden table.,My brother carried the pad to school.,,
873,paintbrush,B2,p,boya fırçası,I cleaned the paintbrush before dinner.,The small paintbrush fell from the shelf.,,
874,pallet,B2,p,palet,She put the pallet beside her bag.,He found a pallet under the chair.,,
875,pancake,B2,p,pankek,The pancake tasted good with tea.,My sister put the pancake on a plate.,,
876,pandemic,B2,p,pandemi,We saw a pandemic pattern in the results.,His pandemic style made the story stronger.,,
877,panel,B2,p,panel,She put the panel beside her bag.,He found a panel under the chair.,,
878,papaya,B2,p,papaya,The papaya tasted good with tea.,My sister put the papaya on a plate.,,
879,paperless,B2,p,kağıtsız,The paperless answer was easy to understand.,We found a paperless place to rest.,,
880,qualification,B2,q,yeterlilik,The report described the qualification clearly.,We noticed the qualification during the project.,,
881,quantify,B2,q,nicelendirmek,We need to quantify the plan carefully.,He decided to quantify it after the meeting.,,
882,quarantine,B2,q,karantina,The team will quarantine the issue tomorrow.,I hope to quarantine this skill with practice.,,
883,quarrel,B2,q,kavga etmek/kavga,The children like to quarrel after school.,We watched the birds quarrel near the trees.,,
884,quarrelsome,B2,q,kavgacı,It was a quarrelsome day for a walk.,He gave me a quarrelsome smile after class.,,
885,queer,B2,q,tuhaf,The queer answer was easy to understand.,We found a queer place to rest.,,
886,query,B2,q,sorgu,The query was part of the story.,She noticed the query during the lesson.,,
887,quotable,B2,q,alıntılanabilir,It was a quotable day for a walk.,He gave me a quotable smile after class.,,
888,quotation,B2,q,alıntı,The quotation changed the final result.,The story included a clear quotation.,,
889,quote,B2,q,alıntı yapmak,Please quote clearly before you leave.,The teacher will quote the class after lunch.,,
890,racism,B2,r,ırkçılık,The class discussed the racism after the video.,This example shows the racism clearly.,,
891,racist,B2,r,ırkçı,The racist answer was easy to understand.,We found a racist place to rest.,,
892,rack,B2,r,raf,She put the rack beside her bag.,He found a rack under the chair.,,
893,radar,B2,r,radar,The radar was on the wooden table.,My brother carried the radar to school.,,
894,radiate,B2,r,yaymak/ışımak,The team will radiate the issue tomorrow.,I hope to radiate this skill with practice.,,
895,radical,B2,r,köklü/radikal,The radical detail changed the whole plan.,She gave a radical answer in class.,,
896,radically,B2,r,köklü şekilde,The team compared the samples radically.,The model reacted radically to the new data.,,
897,radium,B2,r,radyum,We saw the radium near the window.,My friend described the radium very clearly.,,
898,rafter,B2,r,kiriş,She put the rafter beside her bag.,He found a rafter under the chair.,,
899,rag,B2,r,paçavra,The rag was on the wooden table.,My brother carried the rag to school.,,
900,sack,B2,s,çuval/işten çıkarmak,The potatoes are in a brown sack.,The company may sack lazy workers.,,
901,sag,B2,s,sarkmak,They plan to sag the problem this week.,She tried to sag the task before dinner.,,
902,sage,B2,s,bilge/adaçayı,A wise sage gave calm advice.,She added sage to the soup.,,
903,sail,B2,s,yelken açmak,I saw him sail near the park.,The crowd waited for the show to sail.,,
904,salary,B2,s,maaş,The salary detail changed the whole plan.,She gave a salary answer in class.,,
905,salesmanship,B2,s,satış becerisi,The salesmanship was on the wooden table.,My brother carried the salesmanship to school.,,
906,salesperson,B2,s,satış elemanı,A young salesperson waited outside the room.,The salesperson spoke kindly to us.,,
907,saleswoman,B2,s,satış görevlisi kadın,The saleswoman helped a child near the door.,A friendly saleswoman smiled during the meeting.,,
908,salon,B2,s,salon,The salon was quiet in the morning.,We found the salon at the end of the street.,,
909,salsa,B2,s,salsa,We saw the salsa near the window.,My friend described the salsa very clearly.,,
910,salty,B2,s,tuzlu,The salty room felt calm and safe.,She chose a salty jacket for the trip.,,
911,tablecloth,B2,t,masa örtüsü,The tablecloth was on the wooden table.,My brother carried the tablecloth to school.,,
912,tabloid,B2,t,tabloid gazete,I cleaned the tabloid before dinner.,The small tabloid fell from the shelf.,,
913,tack,B2,t,raptiye/taktik,Put a tack on the notice board.,The team changed its tack after lunch.,,
914,tackle,B2,t,ele almak/müdahale etmek,We need to tackle the plan carefully.,He decided to tackle it after the meeting.,,
915,tactile,B2,t,dokunsal,The tactile answer was easy to understand.,We found a tactile place to rest.,,
916,tag,B2,t,etiket,The tag was part of the story.,She noticed the tag during the lesson.,,
917,tail,B2,t,kuyruk,The tail was on the wooden table.,My brother carried the tail to school.,,
918,tame,B2,t,evcil/uysal,The team will tame the issue tomorrow.,I hope to tame this skill with practice.,,
919,tan,B2,t,bronzlaşmak/bronz,She got a light tan at the beach.,His tan jacket is on the chair.,,
920,tanned,B2,t,bronzlaşmış,It was a tanned day for a walk.,He gave me a tanned smile after class.,,
921,ultimate,B2,u,nihai,The ultimate goal is to learn well.,This is the ultimate test of patience.,,
922,ultimately,B2,u,nihayetinde,He answered ultimately when the teacher asked.,The machine moved ultimately across the floor.,,
923,unacceptable,B2,u,kabul edilemez,It was an unacceptable day for a walk.,He gave me an unacceptable smile after class.,,
924,unashamedly,B2,u,utanmadan,The plan changed unashamedly after lunch.,She smiled unashamedly at the good news.,,
925,unattractive,B2,u,çekici olmayan,The unattractive detail changed the whole plan.,She gave an unattractive answer in class.,,
926,unavailable,B2,u,mevcut olmayan,It was an unavailable day for a walk.,He gave me an unavailable smile after class.,,
927,unaware,B2,u,habersiz,The unaware answer was easy to understand.,We found an unaware place to rest.,,
928,unbearable,B2,u,dayanılmaz,The unbearable room felt calm and safe.,She chose an unbearable jacket for the trip.,,
929,unbeatable,B2,u,yenilmez,It was an unbeatable day for a walk.,He gave me an unbeatable smile after class.,,
930,unchanged,B2,u,değişmemiş,The unchanged answer was easy to understand.,We found an unchanged place to rest.,,
931,vacant,B2,v,boş,The vacant room felt calm and safe.,She chose a vacant jacket for the trip.,,
932,vaccine,B2,v,aşı,He pointed to the vaccine on the page.,The vaccine appeared near the end of the story.,,
933,valentine,B2,v,sevgililer günü/sevgili,We saw the valentine near the window.,My friend described the valentine very clearly.,,
934,valid,B2,v,geçerli,The valid room felt calm and safe.,She chose a valid jacket for the trip.,,
935,vanish,B2,v,yok olmak,She began to vanish when the music started.,They will vanish outside if the weather is good.,,
936,vanity,B2,v,kibir,The vanity changed the final result.,The story included a clear vanity.,,
937,variation,B2,v,varyasyon/değişiklik,The report described the variation clearly.,We noticed the variation during the project.,,
938,varied,B2,v,çeşitli,It was a varied day for a walk.,He gave me a varied smile after class.,,
939,venture,B2,v,girişim/risk almak,I saw him venture near the park.,The crowd waited for the show to venture.,,
940,venue,B2,v,mekan,The venue was part of the story.,She noticed the venue during the lesson.,,
941,wage,B2,w,ücret,The class discussed the wage after the video.,This example shows the wage clearly.,,
942,waist,B2,w,bel,We saw the waist near the window.,My friend described the waist very clearly.,,
943,waistcoat,B2,w,yelek,She put the waistcoat beside her bag.,He found a waistcoat under the chair.,,
944,walkabout,B2,w,uzun yürüyüş,He pointed to the walkabout on the page.,The walkabout appeared near the end of the story.,,
945,walker,B2,w,yürüyüşçü,We saw the walker near the window.,My friend described the walker very clearly.,,
946,wallboard,B2,w,alçıpan/duvar levhası,She put the wallboard beside her bag.,He found a wallboard under the chair.,,
947,walnut,B2,w,ceviz,The walnut tasted good with tea.,My sister put the walnut on a plate.,,
948,warship,B2,w,savaş gemisi,The warship sailed near the coast.,A warship appeared in the old photo.,,
949,wartime,B2,w,savaş zamanı,The wartime was part of the story.,She noticed the wartime during the lesson.,,
950,wasp,B2,w,eşek arısı,He pointed to the wasp on the page.,The wasp appeared near the end of the story.,,
951,x-ray,B2,x,röntgen,I cleaned the x-ray before dinner.,The small x-ray fell from the shelf.,,
952,yacht,B2,y,yat,She put the yacht beside her bag.,He found a yacht under the chair.,,
953,yawn,B2,y,esnemek,She began to yawn when the music started.,They will yawn outside if the weather is good.,,
954,yearn,B2,y,özlem duymak,I saw him yearn near the park.,The crowd waited for the show to yearn.,,
955,yield,B2,y,verim/teslim olmak,They plan to yield the problem this week.,She tried to yield the task before dinner.,,
956,youthful,B2,y,genç görünümlü,It was a youthful day for a walk.,He gave me a youthful smile after class.,,
957,yummy,B2,y,lezzetli,The yummy answer was easy to understand.,We found a yummy place to rest.,,
958,zebra,B2,z,zebra,The zebra was part of the story.,She noticed the zebra during the lesson.,,
959,zip,B2,z,fermuar/sıkıştırmak,The zip on my bag is broken.,Please zip the file before sending it.,,
960,zoom,B2,z,yakınlaştırmak,We saw the zoom near the window.,My friend described the zoom very clearly.,,
961,abound,C1,a,bol olmak,The children like to abound after school.,We watched the birds abound near the trees.,,
962,abstraction,C1,a,soyutlama,The class discussed the abstraction after the video.,This example shows the abstraction clearly.,,
963,accustomed,C1,a,alışkın,I was accustomed when I heard the news.,They seemed accustomed at the end of the day.,,
964,acidic,C1,a,asitli,The acidic detail changed the whole plan.,She gave an acidic answer in class.,,
965,acoustic,C1,a,akustik,This acoustic example helped the students.,The report used an acoustic idea clearly.,,
966,acoustically,C1,a,akustik olarak,The report explained the change acoustically.,The room was designed acoustically for better sound.,,
967,acoustics,C1,a,akustik bilimi,The report described the acoustics clearly.,We noticed the acoustics during the project.,,
968,acre,C1,a,akr,The farmer owns one acre of land.,They planted corn on the acre.,,
969,acutely,C1,a,şiddetli biçimde,She spoke acutely during the meeting.,The team worked acutely on the final task.,,
970,adjoin,C1,a,bitişik olmak,The garden will adjoin the school yard.,Two small rooms adjoin the kitchen.,,
971,adjoining,C1,a,bitişik,This adjoining example helped the students.,The report used an adjoining idea clearly.,,
972,adjustable,C1,a,ayarlanabilir,We saw an adjustable pattern in the results.,His adjustable style made the story stronger.,,
973,baldly,C1,b,açıkça/çıplak şekilde,She spoke baldly during the meeting.,The team worked baldly on the final task.,,
974,batter,C1,b,vurmak/hamur,We need to batter the plan carefully.,He decided to batter it after the meeting.,,
975,battered,C1,b,hırpalanmış,We saw a battered pattern in the results.,His battered style made the story stronger.,,
976,bearded,C1,b,sakallı,The bearded detail changed the whole plan.,She gave a bearded answer in class.,,
977,beforehand,C1,b,önceden,She spoke beforehand during the meeting.,The team worked beforehand on the final task.,,
978,beguiling,C1,b,çekici/aldatıcı,We saw a beguiling pattern in the results.,His beguiling style made the story stronger.,,
979,beguilingly,C1,b,çekici şekilde,They walked beguilingly through the quiet hall.,The student listened beguilingly to the story.,,
980,believably,C1,b,inandırıcı şekilde,The plan changed believably after lunch.,She smiled believably at the good news.,,
981,benign,C1,b,iyi huylu,We saw a benign pattern in the results.,His benign style made the story stronger.,,
982,benignly,C1,b,iyi niyetle,He answered benignly when the teacher asked.,The machine moved benignly across the floor.,,
983,bequeath,C1,b,miras bırakmak,We need to bequeath the plan carefully.,He decided to bequeath it after the meeting.,,
984,calorie,C1,c,kalori,We shared the calorie at lunch.,The cook used calorie in the meal.,,
985,candid,C1,c,samimi/açık sözlü,The candid detail changed the whole plan.,She gave a candid answer in class.,,
986,candidly,C1,c,samimiyetle,He answered candidly when the teacher asked.,The machine moved candidly across the floor.,,
987,canoe,C1,c,kano,I cleaned the canoe before dinner.,The small canoe fell from the shelf.,,
988,carpenter,C1,c,marangoz,The carpenter helped a child near the door.,A friendly carpenter smiled during the meeting.,,
989,carpentry,C1,c,marangozluk,The class discussed the carpentry after the video.,This example shows the carpentry clearly.,,
990,carrier,C1,c,taşıyıcı,The carrier changed the final result.,The story included a clear carrier.,,
991,cavity,C1,c,boşluk/çürük,The report described the cavity clearly.,We noticed the cavity during the project.,,
992,ceaseless,C1,c,aralıksız,This ceaseless example helped the students.,The report used a ceaseless idea clearly.,,
993,ceaselessly,C1,c,durmaksızın,She spoke ceaselessly during the meeting.,The team worked ceaselessly on the final task.,,
994,cessation,C1,c,sona erme,The report described the cessation clearly.,We noticed the cessation during the project.,,
995,chaotically,C1,c,kaotik şekilde,The team compared the samples chaotically.,The model reacted chaotically to the new data.,,
996,damply,C1,d,nemli şekilde,The plan changed damply after lunch.,She smiled damply at the good news.,,
997,darkroom,C1,d,karanlık oda,They waited near the darkroom after lunch.,She took a photo of the darkroom in town.,,
998,daunt,C1,d,gözünü korkutmak,We need to daunt the plan carefully.,He decided to daunt it after the meeting.,,
999,daunting,C1,d,göz korkutucu,We saw a daunting pattern in the results.,His daunting style made the story stronger.,,
1000,daydream,C1,d,hayal kurmak,The children like to daydream after school.,We watched the birds daydream near the trees.,,
1001,debut,C1,d,ilk gösterim/çıkış,She began to debut when the music started.,They will debut outside if the weather is good.,,
1002,deceit,C1,d,aldatma,The deceit changed the final result.,The story included a clear deceit.,,
1003,degradation,C1,d,bozulma/aşağılama,The report described the degradation clearly.,We noticed the degradation during the project.,,
1004,degrade,C1,d,bozmak/aşağılamak,We need to degrade the plan carefully.,He decided to degrade it after the meeting.,,
1005,degrading,C1,d,aşağılayıcı,We saw a degrading pattern in the results.,His degrading style made the story stronger.,,
1006,demise,C1,d,ölüm/sona erme,The report described the demise clearly.,We noticed the demise during the project.,,
1007,demo,C1,d,demo,The class discussed the demo after the video.,This example shows the demo clearly.,,
1008,eccentric,C1,e,eksantrik/tuhaf,We saw an eccentric pattern in the results.,His eccentric style made the story stronger.,,
1009,eccentrically,C1,e,tuhaf şekilde,The system behaved eccentrically during the test.,The result changed eccentrically in the study.,,
1010,eclectic,C1,e,eklektik,This eclectic example helped the students.,The report used an eclectic idea clearly.,,
1011,eclectically,C1,e,eklektik olarak,The report explained the change eclectically.,The room was designed eclectically for better sound.,,
1012,ecstatically,C1,e,coşkuyla,The system behaved ecstatically during the test.,The result changed ecstatically in the study.,,
1013,effortless,C1,e,zahmetsiz,This effortless example helped the students.,The report used an effortless idea clearly.,,
1014,ego,C1,e,ego,The ego changed the final result.,The story included a clear ego.,,
1015,elaborate,C1,e,ayrıntılı/detaylandırmak,The elaborate detail changed the whole plan.,She gave an elaborate answer in class.,,
1016,elaboration,C1,e,ayrıntılandırma,The class discussed the elaboration after the video.,This example shows the elaboration clearly.,,
1017,elastic,C1,e,elastik,We saw an elastic pattern in the results.,His elastic style made the story stronger.,,
1018,elevate,C1,e,yükseltmek,They plan to elevate the problem this week.,She tried to elevate the task before dinner.,,
1019,elevation,C1,e,yükselme/rakım,The class discussed the elevation after the video.,This example shows the elevation clearly.,,
1020,fabulously,C1,f,muhteşem şekilde,The plan changed fabulously after lunch.,She smiled fabulously at the good news.,,
1021,facial,C1,f,yüzle ilgili,The facial detail changed the whole plan.,She gave a facial answer in class.,,
1022,facilitation,C1,f,kolaylaştırma,The class discussed the facilitation after the video.,This example shows the facilitation clearly.,,
1023,faction,C1,f,hizip/grup,The faction changed the final result.,The story included a clear faction.,,
1024,fanatic,C1,f,fanatik,The fanatic detail changed the whole plan.,She gave a fanatic answer in class.,,
1025,fanatically,C1,f,fanatikçe,The team compared the samples fanatically.,The model reacted fanatically to the new data.,,
1026,fanciful,C1,f,hayal ürünü,We saw a fanciful pattern in the results.,His fanciful style made the story stronger.,,
1027,farce,C1,f,saçmalık/komedi,The report described the farce clearly.,We noticed the farce during the project.,,
1028,fatality,C1,f,ölüm vakası,The class discussed the fatality after the video.,This example shows the fatality clearly.,,
1029,fatigue,C1,f,yorgunluk,The fatigue changed the final result.,The story included a clear fatigue.,,
1030,ferocious,C1,f,vahşi,The ferocious detail changed the whole plan.,She gave a ferocious answer in class.,,
1031,ferociously,C1,f,vahşice,They walked ferociously through the quiet hall.,The student listened ferociously to the story.,,
1032,gadget,C1,g,alet,I cleaned the gadget before dinner.,The small gadget fell from the shelf.,,
1033,gamely,C1,g,cesurca,She spoke gamely during the meeting.,The team worked gamely on the final task.,,
1034,gape,C1,g,ağzı açık bakmak,She began to gape when the music started.,They will gape outside if the weather is good.,,
1035,gem,C1,g,mücevher,I cleaned the gem before dinner.,The small gem fell from the shelf.,,
1036,genome,C1,g,genom,The report described the genome clearly.,We noticed the genome during the project.,,
1037,geological,C1,g,jeolojik,This geological example helped the students.,The report used a geological idea clearly.,,
1038,geologically,C1,g,jeolojik olarak,The report explained the change geologically.,The room was designed geologically for better sound.,,
1039,ghostly,C1,g,hayaletimsi,They walked ghostly through the quiet hall.,The student listened ghostly to the story.,,
1040,gig,C1,g,konser/kısa iş,The class discussed the gig after the video.,This example shows the gig clearly.,,
1041,glean,C1,g,toplamak/öğrenmek,The team will glean the issue tomorrow.,I hope to glean this skill with practice.,,
1042,glum,C1,g,kasvetli/suratsız,She felt glum before the test.,He looked glum after the phone call.,,
1043,hack,C1,h,kesmek/hile,We need to hack the plan carefully.,He decided to hack it after the meeting.,,
1044,haggle,C1,h,pazarlık etmek,I saw him haggle near the park.,The crowd waited for the show to haggle.,,
1045,harass,C1,h,taciz etmek/rahatsız etmek,They plan to harass the problem this week.,She tried to harass the task before dinner.,,
1046,harassment,C1,h,taciz/rahatsız etme,The class discussed the harassment after the video.,This example shows the harassment clearly.,,
1047,headstrong,C1,h,dik başlı,We saw a headstrong pattern in the results.,His headstrong style made the story stronger.,,
1048,hedgehog,C1,h,kirpi,She put the hedgehog beside her bag.,He found a hedgehog under the chair.,,
1049,heifer,C1,h,düve,The class discussed the heifer after the video.,This example shows the heifer clearly.,,
1050,heighten,C1,h,artırmak/yükseltmek,The team will heighten the issue tomorrow.,I hope to heighten this skill with practice.,,
1051,hence,C1,h,bu nedenle,"The road was closed, hence the delay.","He forgot his ticket, hence the problem.",,
1052,heroine,C1,h,kadın kahraman,The heroine arrived early for work.,Everyone thanked the heroine after lunch.,,
1053,hibernate,C1,h,kış uykusuna yatmak,I saw him hibernate near the park.,The crowd waited for the show to hibernate.,,
1054,immense,C1,i,muazzam,The immense detail changed the whole plan.,She gave an immense answer in class.,,
1055,immensely,C1,i,son derece,They walked immensely through the quiet hall.,The student listened immensely to the story.,,
1056,immortalize,C1,i,ölümsüzleştirmek,The team will immortalize the issue tomorrow.,I hope to immortalize this skill with practice.,,
1057,imp,C1,i,yaramaz çocuk/cin,The report described the imp clearly.,We noticed the imp during the project.,,
1058,impede,C1,i,engellemek,We need to impede the plan carefully.,He decided to impede it after the meeting.,,
1059,impediment,C1,i,engel,The impediment changed the final result.,The story included a clear impediment.,,
1060,impersonal,C1,i,kişisel olmayan,The impersonal detail changed the whole plan.,She gave an impersonal answer in class.,,
1061,impersonally,C1,i,kişisel olmadan,The team compared the samples impersonally.,The model reacted impersonally to the new data.,,
1062,impersonate,C1,i,taklit etmek,The team will impersonate the issue tomorrow.,I hope to impersonate this skill with practice.,,
1063,impersonation,C1,i,taklit,The report described the impersonation clearly.,We noticed the impersonation during the project.,,
1064,impersonator,C1,i,taklitçi,The impersonator arrived early for work.,Everyone thanked the impersonator after lunch.,,
1065,impervious,C1,i,geçirmez/duyarsız,We saw an impervious pattern in the results.,His impervious style made the story stronger.,,
1066,jersey,C1,j,forma/örgü kumaş,He wore a red jersey at the match.,The jersey had his name on the back.,,
1067,jurisdiction,C1,j,yargı yetkisi,The class discussed the jurisdiction after the video.,This example shows the jurisdiction clearly.,,
1068,justly,C1,j,haklı olarak/adilce,The plan changed justly after lunch.,She smiled justly at the good news.,,
1069,juvenile,C1,j,genç/çocuksu,The juvenile detail changed the whole plan.,She gave a juvenile answer in class.,,
1070,knowledgeable,C1,k,bilgili,This knowledgeable example helped the students.,The report used a knowledgeable idea clearly.,,
1071,lapse,C1,l,hata/ara vermek,I saw him lapse near the park.,The crowd waited for the show to lapse.,,
1072,latent,C1,l,gizli/pasif,The latent detail changed the whole plan.,She gave a latent answer in class.,,
1073,lavatory,C1,l,tuvalet,This lavatory example helped the students.,The report used a lavatory idea clearly.,,
1074,legacy,C1,l,miras,The legacy changed the final result.,The story included a clear legacy.,,
1075,lethargic,C1,l,uyuşuk,The lethargic detail changed the whole plan.,She gave a lethargic answer in class.,,
1076,lethargically,C1,l,uyuşuk şekilde,The team compared the samples lethargically.,The model reacted lethargically to the new data.,,
1077,lethargy,C1,l,uyuşukluk,The lethargy changed the final result.,The story included a clear lethargy.,,
1078,liaison,C1,l,irtibat/bağlantı,The report described the liaison clearly.,We noticed the liaison during the project.,,
1079,likelihood,C1,l,olasılık,The class discussed the likelihood after the video.,This example shows the likelihood clearly.,,
1080,limitless,C1,l,sınırsız,We saw a limitless pattern in the results.,His limitless style made the story stronger.,,
1081,linear,C1,l,doğrusal,The graph shows a linear increase.,We used a linear model in class.,,
1082,macabre,C1,m,ürkütücü,This macabre example helped the students.,The report used a macabre idea clearly.,,
1083,magnetic,C1,m,manyetik,We saw a magnetic pattern in the results.,His magnetic style made the story stronger.,,
1084,magnetically,C1,m,manyetik olarak,The system behaved magnetically during the test.,The result changed magnetically in the study.,,
1085,magnetism,C1,m,manyetizma,The class discussed the magnetism after the video.,This example shows the magnetism clearly.,,
1086,malfunction,C1,m,arıza yapmak/arıza,The malfunction changed the final result.,The story included a clear malfunction.,,
1087,manicure,C1,m,manikür,She put the manicure beside her bag.,He found a manicure under the chair.,,
1088,manipulation,C1,m,manipülasyon,The class discussed the manipulation after the video.,This example shows the manipulation clearly.,,
1089,marginal,C1,m,marjinal/sınırlı,We saw a marginal pattern in the results.,His marginal style made the story stronger.,,
1090,marginally,C1,m,az farkla,The system behaved marginally during the test.,The result changed marginally in the study.,,
1091,mark-up,C1,m,fiyat artışı/işaretleme,The mark-up was on the wooden table.,My brother carried the mark-up to school.,,
1092,marvel,C1,m,hayret etmek/harika şey,The marvel changed the final result.,The story included a clear marvel.,,
1093,naive,C1,n,saf,The naive detail changed the whole plan.,She gave a naive answer in class.,,
1094,naively,C1,n,safça,He answered naively when the teacher asked.,The machine moved naively across the floor.,,
1095,naivety,C1,n,saflık,His naivety caused a small mistake.,The story shows her naivety clearly.,,
1096,naturalness,C1,n,doğallık,The report described the naturalness clearly.,We noticed the naturalness during the project.,,
1097,neglectful,C1,n,ihmalkar,This neglectful example helped the students.,The report used a neglectful idea clearly.,,
1098,negligent,C1,n,ihmalkar,We saw a negligent pattern in the results.,His negligent style made the story stronger.,,
1099,negligently,C1,n,ihmalkarca,They walked negligently through the quiet hall.,The student listened negligently to the story.,,
1100,negligible,C1,n,önemsiz,This negligible example helped the students.,The report used a negligible idea clearly.,,
1101,niche,C1,n,niş/özel alan,The niche changed the final result.,The story included a clear niche.,,
1102,nocturnal,C1,n,gececil,The nocturnal detail changed the whole plan.,She gave a nocturnal answer in class.,,
1103,nondescript,C1,n,sıradan/belirsiz,This nondescript example helped the students.,The report used a nondescript idea clearly.,,
1104,oblige,C1,o,mecbur etmek,The team will oblige the issue tomorrow.,I hope to oblige this skill with practice.,,
1105,obscure,C1,o,belirsiz/karanlık,They plan to obscure the problem this week.,She tried to obscure the task before dinner.,,
1106,obscurely,C1,o,belirsiz şekilde,He answered obscurely when the teacher asked.,The machine moved obscurely across the floor.,,
1107,occupant,C1,o,sakin/kullanıcı,A young occupant waited outside the room.,The occupant spoke kindly to us.,,
1108,occupational,C1,o,mesleki,The occupational detail changed the whole plan.,She gave an occupational answer in class.,,
1109,oddity,C1,o,tuhaflık,The class discussed the oddity after the video.,This example shows the oddity clearly.,,
1110,offspring,C1,o,yavru/soy,We saw an offspring pattern in the results.,His offspring style made the story stronger.,,
1111,orchard,C1,o,meyve bahçesi,The report described the orchard clearly.,We noticed the orchard during the project.,,
1112,ordinarily,C1,o,normalde,The plan changed ordinarily after lunch.,She smiled ordinarily at the good news.,,
1113,organizational,C1,o,örgütsel,We saw an organizational pattern in the results.,His organizational style made the story stronger.,,
1114,ornamental,C1,o,süs amaçlı,The ornamental detail changed the whole plan.,She gave an ornamental answer in class.,,
1115,panorama,C1,p,panorama,The class discussed the panorama after the video.,This example shows the panorama clearly.,,
1116,panoramic,C1,p,panoramik,We saw a panoramic pattern in the results.,His panoramic style made the story stronger.,,
1117,parasite,C1,p,parazit,The report described the parasite clearly.,We noticed the parasite during the project.,,
1118,paternal,C1,p,babaya ait,This paternal example helped the students.,The report used a paternal idea clearly.,,
1119,paternalistic,C1,p,babacan/korumacı,We saw a paternalistic pattern in the results.,His paternalistic style made the story stronger.,,
1120,pathos,C1,p,hüzünlü etki,The report described the pathos clearly.,We noticed the pathos during the project.,,
1121,paywall,C1,p,ödeme duvarı,The paywall was on the wooden table.,My brother carried the paywall to school.,,
1122,peacock,C1,p,tavus kuşu,A peacock walked across the garden.,The peacock opened its bright feathers.,,
1123,peasant,C1,p,köylü,The peasant helped a child near the door.,A friendly peasant smiled during the meeting.,,
1124,pedicure,C1,p,pedikür,The class discussed the pedicure after the video.,This example shows the pedicure clearly.,,
1125,pendulous,C1,p,sarkık,We saw a pendulous pattern in the results.,His pendulous style made the story stronger.,,
1126,pendulum,C1,p,sarkaç,The pendulum swung from side to side.,A clock may use a pendulum inside.,,
1127,quarry,C1,q,taş ocağı/av,The class discussed the quarry after the video.,This example shows the quarry clearly.,,
1128,quest,C1,q,arayış,The quest changed the final result.,The story included a clear quest.,,
1129,quip,C1,q,nükte,The report described the quip clearly.,We noticed the quip during the project.,,
1130,quirk,C1,q,tuhaf özellik,The class discussed the quirk after the video.,This example shows the quirk clearly.,,
1131,quirky,C1,q,ilginç/tuhaf,We saw a quirky pattern in the results.,His quirky style made the story stronger.,,
1132,radiator,C1,r,radyatör,She put the radiator beside her bag.,He found a radiator under the chair.,,
1133,rapport,C1,r,uyum/ilişki,The class discussed the rapport after the video.,This example shows the rapport clearly.,,
1134,rarity,C1,r,nadirlik,The rarity changed the final result.,The story included a clear rarity.,,
1135,raunchily,C1,r,müstehcen şekilde,They walked raunchily through the quiet hall.,The student listened raunchily to the story.,,
1136,raunchy,C1,r,müstehcen,This raunchy example helped the students.,The report used a raunchy idea clearly.,,
1137,readable,C1,r,okunabilir,We saw a readable pattern in the results.,His readable style made the story stronger.,,
1138,realism,C1,r,gerçekçilik,The report described the realism clearly.,We noticed the realism during the project.,,
1139,realist,C1,r,gerçekçi,The class discussed the realist after the video.,This example shows the realist clearly.,,
1140,reap,C1,r,hasat etmek/sonuç almak,The team will reap the issue tomorrow.,I hope to reap this skill with practice.,,
1141,reassurance,C1,r,güvence,The report described the reassurance clearly.,We noticed the reassurance during the project.,,
1142,reassure,C1,r,güvence vermek,She tried to reassure the news calmly.,They asked him to reassure the story again.,,
1143,recess,C1,r,ara/tatil,The recess changed the final result.,The story included a clear recess.,,
1144,sacrifice,C1,s,fedakarlık/kurban etmek,They plan to sacrifice the problem this week.,She tried to sacrifice the task before dinner.,,
1145,salivate,C1,s,salya salgılamak,She began to salivate when the music started.,They will salivate outside if the weather is good.,,
1146,saloon,C1,s,salon/bar,The saloon changed the final result.,The story included a clear saloon.,,
1147,salvage,C1,s,kurtarmak/kurtarma,They plan to salvage the problem this week.,She tried to salvage the task before dinner.,,
1148,salvation,C1,s,kurtuluş,The class discussed the salvation after the video.,This example shows the salvation clearly.,,
1149,salve,C1,s,merhem,I cleaned the salve before dinner.,The small salve fell from the shelf.,,
1150,sanctity,C1,s,kutsallık,The report described the sanctity clearly.,We noticed the sanctity during the project.,,
1151,sap,C1,s,özsu/gücünü almak,The class discussed the sap after the video.,This example shows the sap clearly.,,
1152,sarcasm,C1,s,alaycılık,The sarcasm changed the final result.,The story included a clear sarcasm.,,
1153,sarcastic,C1,s,alaycı,The sarcastic detail changed the whole plan.,She gave a sarcastic answer in class.,,
1154,sarcastically,C1,s,alaycı şekilde,The team compared the samples sarcastically.,The model reacted sarcastically to the new data.,,
1155,sauna,C1,s,sauna,People gathered outside the sauna.,The old sauna looked clean and bright.,,
1156,tact,C1,t,incelik/diplomasi,The report described the tact clearly.,We noticed the tact during the project.,,
1157,tactful,C1,t,nazik/düşünceli,This tactful example helped the students.,The report used a tactful idea clearly.,,
1158,tactfully,C1,t,nazikçe,He answered tactfully when the teacher asked.,The machine moved tactfully across the floor.,,
1159,tailor,C1,t,terzi/uyarlamak,They plan to tailor the problem this week.,She tried to tailor the task before dinner.,,
1160,tangle,C1,t,dolaştırmak/dolaşıklık,We need to tangle the plan carefully.,He decided to tangle it after the meeting.,,
1161,tangled,C1,t,dolaşmış,We saw a tangled pattern in the results.,His tangled style made the story stronger.,,
1162,tantamount,C1,t,eşdeğer,The tantamount detail changed the whole plan.,She gave a tantamount answer in class.,,
1163,tantrum,C1,t,öfke nöbeti,The class discussed the tantrum after the video.,This example shows the tantrum clearly.,,
1164,tastebud,C1,t,tat tomurcuğu,I cleaned the tastebud before dinner.,The small tastebud fell from the shelf.,,
1165,taut,C1,t,gergin,The taut detail changed the whole plan.,She gave a taut answer in class.,,
1166,tautly,C1,t,gergin şekilde,He answered tautly when the teacher asked.,The machine moved tautly across the floor.,,
1167,unassisted,C1,u,yardımsız,We saw an unassisted pattern in the results.,His unassisted style made the story stronger.,,
1168,unconventional,C1,u,alışılmadık,The unconventional detail changed the whole plan.,She gave an unconventional answer in class.,,
1169,unconvincing,C1,u,inandırıcı olmayan,This unconvincing example helped the students.,The report used an unconvincing idea clearly.,,
1170,unconvincingly,C1,u,inandırıcı olmayan şekilde,He answered unconvincingly when the teacher asked.,The machine moved unconvincingly across the floor.,,
1171,undaunted,C1,u,yılmamış,The undaunted detail changed the whole plan.,She gave an undaunted answer in class.,,
1172,unenviable,C1,u,imrenilmeyen/zor,This unenviable example helped the students.,The report used an unenviable idea clearly.,,
1173,unenviably,C1,u,zor biçimde,She spoke unenviably during the meeting.,The team worked unenviably on the final task.,,
1174,uneventful,C1,u,olaysız,The uneventful detail changed the whole plan.,She gave an uneventful answer in class.,,
1175,uniformity,C1,u,tekdüzelik,The class discussed the uniformity after the video.,This example shows the uniformity clearly.,,
1176,uninspiring,C1,u,ilham vermeyen,We saw an uninspiring pattern in the results.,His uninspiring style made the story stronger.,,
1177,unison,C1,u,uyum/birlik,The report described the unison clearly.,We noticed the unison during the project.,,
1178,vegetation,C1,v,bitki örtüsü,The class discussed the vegetation after the video.,This example shows the vegetation clearly.,,
1179,venerate,C1,v,hürmet etmek,They need to venerate the message correctly.,I tried to venerate what happened yesterday.,,
1180,veneration,C1,v,hürmet,The report described the veneration clearly.,We noticed the veneration during the project.,,
1181,ventilate,C1,v,havalandırmak,We need to ventilate the plan carefully.,He decided to ventilate it after the meeting.,,
1182,ventilation,C1,v,havalandırma,The ventilation changed the final result.,The story included a clear ventilation.,,
1183,verandah,C1,v,veranda,They waited near the verandah after lunch.,She took a photo of the verandah in town.,,
1184,verdict,C1,v,hüküm/karar,The class discussed the verdict after the video.,This example shows the verdict clearly.,,
1185,versatile,C1,v,çok yönlü,We saw a versatile pattern in the results.,His versatile style made the story stronger.,,
1186,versatility,C1,v,çok yönlülük,The report described the versatility clearly.,We noticed the versatility during the project.,,
1187,vertical,C1,v,dikey,This vertical example helped the students.,The report used a vertical idea clearly.,,
1188,verve,C1,v,canlılık,The verve changed the final result.,The story included a clear verve.,,
1189,wares,C1,w,mallar,The report described the wares clearly.,We noticed the wares during the project.,,
1190,wary,C1,w,temkinli,The child was wary in the dark room.,My friend became wary during the lesson.,,
1191,washtub,C1,w,çamaşır leğeni,I cleaned the washtub before dinner.,The small washtub fell from the shelf.,,
1192,waterfront,C1,w,sahil kenarı,They waited near the waterfront after lunch.,She took a photo of the waterfront in town.,,
1193,wayside,C1,w,yol kenarı,The wayside was quiet in the morning.,We found the wayside at the end of the street.,,
1194,whilst,C1,w,iken,She listened to music whilst cooking dinner.,He took notes whilst the teacher spoke.,,
1195,wicked,C1,w,kötü/fena,The wicked detail changed the whole plan.,She gave a wicked answer in class.,,
1196,wickedly,C1,w,kötüce,The plan changed wickedly after lunch.,She smiled wickedly at the good news.,,
1197,withdrawn,C1,w,içine kapanık/çekilmiş,I was withdrawn when I heard the news.,They seemed withdrawn at the end of the day.,,
1198,wizened,C1,w,buruşuk,The wizened detail changed the whole plan.,She gave a wizened answer in class.,,
1199,woo,C1,w,kur yapmak/ikna etmeye çalışmak,We need to woo the plan carefully.,He decided to woo it after the meeting.,,
1200,zany,C1,z,çılgın/komik,We saw a zany pattern in the results.,His zany style made the story stronger.,,
1201,aberration,C2,a,sapma/anormallik,The report described the aberration clearly.,We noticed the aberration during the project.,,
1202,abhor,C2,a,nefret etmek,We can abhor the problem step by step.,He began to abhor the answer during class.,,
1203,abhorrent,C2,a,iğrenç,We saw an abhorrent pattern in the results.,His abhorrent style made the story stronger.,,
1204,abhorrently,C2,a,iğrenç şekilde,The plan changed abhorrently after lunch.,She smiled abhorrently at the good news.,,
1205,abject,C2,a,sefil/aşağılık,This abject example helped the students.,The report used an abject idea clearly.,,
1206,abundantly,C2,a,bolca,He answered abundantly when the teacher asked.,The machine moved abundantly across the floor.,,
1207,accountability,C2,a,hesap verebilirlik,The report described the accountability clearly.,We noticed the accountability during the project.,,
1208,accrue,C2,a,birikmek,We need to accrue the plan carefully.,He decided to accrue it after the meeting.,,
1209,acreage,C2,a,arazi miktarı,The acreage changed the final result.,The story included a clear acreage.,,
1210,acrobatic,C2,a,akrobatik,The acrobatic detail changed the whole plan.,She gave an acrobatic answer in class.,,
1211,acrobatically,C2,a,akrobatik şekilde,The team compared the samples acrobatically.,The model reacted acrobatically to the new data.,,
1212,acrobatics,C2,a,akrobasi,The acrobatics changed the final result.,The story included a clear acrobatics.,,
1213,babble,C2,b,gevezelik etmek,The children like to babble after school.,We watched the birds babble near the trees.,,
1214,banish,C2,b,sürgün etmek,We need to banish the plan carefully.,He decided to banish it after the meeting.,,
1215,banishment,C2,b,sürgün,The banishment changed the final result.,The story included a clear banishment.,,
1216,baroque,C2,b,barok,The baroque detail changed the whole plan.,She gave a baroque answer in class.,,
1217,bauble,C2,b,süs eşyası,The bauble was on the wooden table.,My brother carried the bauble to school.,,
1218,behest,C2,b,emir/istek,The behest changed the final result.,The story included a clear behest.,,
1219,belligerence,C2,b,savaşçılık/düşmanlık,The report described the belligerence clearly.,We noticed the belligerence during the project.,,
1220,belligerent,C2,b,kavgacı/saldırgan,This belligerent example helped the students.,The report used a belligerent idea clearly.,,
1221,beneficiary,C2,b,faydalanıcı,We saw a beneficiary pattern in the results.,His beneficiary style made the story stronger.,,
1222,bereft,C2,b,yoksun,She felt bereft before the test.,He looked bereft after the phone call.,,
1223,bereftly,C2,b,yoksun biçimde,They walked bereftly through the quiet hall.,The student listened bereftly to the story.,,
1224,besiege,C2,b,kuşatmak,The team will besiege the issue tomorrow.,I hope to besiege this skill with practice.,,
1225,caffeinate,C2,c,kafeinlemek,We need to caffeinate the meal before noon.,She likes to caffeinate with her family.,,
1226,calamitous,C2,c,felaket getiren,This calamitous example helped the students.,The report used a calamitous idea clearly.,,
1227,calamitously,C2,c,felaket biçimde,The plan failed calamitously after the mistake.,The bridge collapsed calamitously during the storm.,,
1228,calamity,C2,c,felaket,The report described the calamity clearly.,We noticed the calamity during the project.,,
1229,callous,C2,c,duygusuz/nasırlaşmış,This callous example helped the students.,The report used a callous idea clearly.,,
1230,callously,C2,c,duygusuzca,He answered callously when the teacher asked.,The machine moved callously across the floor.,,
1231,calorific,C2,c,kalorili,The calorific detail changed the whole plan.,She gave a calorific answer in class.,,
1232,capacious,C2,c,geniş/hacimli,This capacious example helped the students.,The report used a capacious idea clearly.,,
1233,catastrophically,C2,c,felaket derecesinde,The report explained the change catastrophically.,The room was designed catastrophically for better sound.,,
1234,cay,C2,c,küçük ada,The report described the cay clearly.,We noticed the cay during the project.,,
1235,choreographical,C2,c,koreografik,This choreographical example helped the students.,The report used a choreographical idea clearly.,,
1236,choreography,C2,c,koreografi,The choreography changed the final result.,The story included a clear choreography.,,
1237,dampen,C2,d,nemlendirmek/azaltmak,They plan to dampen the problem this week.,She tried to dampen the task before dinner.,,
1238,deaden,C2,d,köreltmek/azaltmak,We need to deaden the plan carefully.,He decided to deaden it after the meeting.,,
1239,declination,C2,d,sapma/eğim,The declination changed the final result.,The story included a clear declination.,,
1240,deficient,C2,d,eksik/yetersiz,The deficient detail changed the whole plan.,She gave a deficient answer in class.,,
1241,deficiently,C2,d,yetersiz şekilde,The machine worked deficiently after the repair.,The report answered the question deficiently.,,
1242,delicatessen,C2,d,şarküteri,People gathered outside the delicatessen.,The old delicatessen looked clean and bright.,,
1243,demystification,C2,d,gizemi giderme,The report described the demystification clearly.,We noticed the demystification during the project.,,
1244,demystify,C2,d,gizemini çözmek,We can demystify the problem step by step.,He began to demystify the answer during class.,,
1245,denotation,C2,d,düz anlam,The denotation changed the final result.,The story included a clear denotation.,,
1246,denote,C2,d,belirtmek,They plan to denote the problem this week.,She tried to denote the task before dinner.,,
1247,denounce,C2,d,kınamak/ihbar etmek,She tried to denounce the news calmly.,They asked him to denounce the story again.,,
1248,denunciation,C2,d,kınama/ihbar,The denunciation changed the final result.,The story included a clear denunciation.,,
1249,ebb,C2,e,çekilmek/azalmak,The report described the ebb clearly.,We noticed the ebb during the project.,,
1250,eccentricity,C2,e,tuhaflık,The class discussed the eccentricity after the video.,This example shows the eccentricity clearly.,,
1251,echo,C2,e,yankı,I saw him echo near the park.,The crowd waited for the show to echo.,,
1252,echolocate,C2,e,yankıyla yön bulmak,The children like to echolocate after school.,We watched the birds echolocate near the trees.,,
1253,echolocation,C2,e,ekolokasyon,The class discussed the echolocation after the video.,This example shows the echolocation clearly.,,
1254,ecotourism,C2,e,ekoturizm,The ecotourism changed the final result.,The story included a clear ecotourism.,,
1255,edification,C2,e,aydınlatma/eğitme,The report described the edification clearly.,We noticed the edification during the project.,,
1256,edifice,C2,e,büyük yapı,The edifice was quiet in the morning.,We found the edifice at the end of the street.,,
1257,edify,C2,e,eğitmek/aydınlatmak,They need to edify the message correctly.,I tried to edify what happened yesterday.,,
1258,egalitarian,C2,e,eşitlikçi,The egalitarian detail changed the whole plan.,She gave an egalitarian answer in class.,,
1259,elasticity,C2,e,esneklik,The class discussed the elasticity after the video.,This example shows the elasticity clearly.,,
1260,elated,C2,e,çok mutlu,I was elated when I heard the news.,They seemed elated at the end of the day.,,
1261,fabled,C2,f,efsanevi,The fabled detail changed the whole plan.,She gave a fabled answer in class.,,
1262,fabricate,C2,f,uydurmak/imal etmek,We need to fabricate the plan carefully.,He decided to fabricate it after the meeting.,,
1263,fabrication,C2,f,uydurma/imalat,The fabrication changed the final result.,The story included a clear fabrication.,,
1264,fabulate,C2,f,hikayeleştirmek,They plan to fabulate the problem this week.,She tried to fabulate the task before dinner.,,
1265,fabulation,C2,f,uydurma anlatı,The class discussed the fabulation after the video.,This example shows the fabulation clearly.,,
1266,facsimile,C2,f,tıpkıbasım/faksimile,The facsimile changed the final result.,The story included a clear facsimile.,,
1267,fallacy,C2,f,yanılgı,The report described the fallacy clearly.,We noticed the fallacy during the project.,,
1268,farcical,C2,f,gülünç/saçma,This farcical example helped the students.,The report used a farcical idea clearly.,,
1269,feign,C2,f,numara yapmak,They need to feign the message correctly.,I tried to feign what happened yesterday.,,
1270,ferocity,C2,f,vahşilik,The report described the ferocity clearly.,We noticed the ferocity during the project.,,
1271,fete,C2,f,şenlik/onurlandırmak,We need to fete the plan carefully.,He decided to fete it after the meeting.,,
1272,gale,C2,g,fırtına,The gale changed the final result.,The story included a clear gale.,,
1273,gambit,C2,g,hamle,The report described the gambit clearly.,We noticed the gambit during the project.,,
1274,gauche,C2,g,patavatsız,This gauche example helped the students.,The report used a gauche idea clearly.,,
1275,genomic,C2,g,genomik,We saw a genomic pattern in the results.,His genomic style made the story stronger.,,
1276,genomically,C2,g,genomik olarak,The system behaved genomically during the test.,The result changed genomically in the study.,,
1277,glitz,C2,g,ışıltı,The class discussed the glitz after the video.,This example shows the glitz clearly.,,
1278,glitzy,C2,g,gösterişli,We saw a glitzy pattern in the results.,His glitzy style made the story stronger.,,
1279,gout,C2,g,gut hastalığı,The report described the gout clearly.,We noticed the gout during the project.,,
1280,gravitate,C2,g,çekilmek/yönelmek,She began to gravitate when the music started.,They will gravitate outside if the weather is good.,,
1281,gravitational,C2,g,yerçekimsel,We saw a gravitational pattern in the results.,His gravitational style made the story stronger.,,
1282,gravitationally,C2,g,yerçekimsel olarak,The system behaved gravitationally during the test.,The result changed gravitationally in the study.,,
1283,habitation,C2,h,yerleşim/ikamet,The habitation was quiet in the morning.,We found the habitation at the end of the street.,,
1284,hamper,C2,h,engellemek/sepet,The team will hamper the issue tomorrow.,I hope to hamper this skill with practice.,,
1285,haphazard,C2,h,gelişigüzel,The haphazard detail changed the whole plan.,She gave a haphazard answer in class.,,
1286,haphazardly,C2,h,gelişigüzel şekilde,He answered haphazardly when the teacher asked.,The machine moved haphazardly across the floor.,,
1287,hapless,C2,h,talihsiz,We saw a hapless pattern in the results.,His hapless style made the story stronger.,,
1288,happenstance,C2,h,tesadüf,The report described the happenstance clearly.,We noticed the happenstance during the project.,,
1289,haughtily,C2,h,kibirlice,She spoke haughtily during the meeting.,The team worked haughtily on the final task.,,
1290,haughty,C2,h,kibirli,We saw a haughty pattern in the results.,His haughty style made the story stronger.,,
1291,hauntingly,C2,h,unutulmaz/ürkütücü şekilde,They walked hauntingly through the quiet hall.,The student listened hauntingly to the story.,,
1292,headmistress,C2,h,kadın okul müdürü,The headmistress arrived early for work.,Everyone thanked the headmistress after lunch.,,
1293,helm,C2,h,dümen/yönetim,I cleaned the helm before dinner.,The small helm fell from the shelf.,,
1294,herald,C2,h,haberci/müjdelemek,Please herald clearly before you leave.,The teacher will herald the class after lunch.,,
1295,idiomatic,C2,i,deyimsel,This idiomatic example helped the students.,The report used an idiomatic idea clearly.,,
1296,idiomatically,C2,i,deyimsel olarak,The report explained the change idiomatically.,The room was designed idiomatically for better sound.,,
1297,idiosyncrasy,C2,i,kişisel tuhaflık,The report described the idiosyncrasy clearly.,We noticed the idiosyncrasy during the project.,,
1298,idiosyncratic,C2,i,kendine özgü,This idiosyncratic example helped the students.,The report used an idiosyncratic idea clearly.,,
1299,ignominious,C2,i,utanç verici,We saw an ignominious pattern in the results.,His ignominious style made the story stronger.,,
1300,ignominiously,C2,i,utanç verici şekilde,The plan changed ignominiously after lunch.,She smiled ignominiously at the good news.,,
1301,impeccable,C2,i,kusursuz,This impeccable example helped the students.,The report used an impeccable idea clearly.,,
1302,impeccably,C2,i,kusursuz şekilde,He answered impeccably when the teacher asked.,The machine moved impeccably across the floor.,,
1303,imperceptible,C2,i,algılanamaz,The imperceptible detail changed the whole plan.,She gave an imperceptible answer in class.,,
1304,imperceptibly,C2,i,fark edilmeyecek şekilde,The plan changed imperceptibly after lunch.,She smiled imperceptibly at the good news.,,
1305,imposition,C2,i,dayatma/yük,The imposition changed the final result.,The story included a clear imposition.,,
1306,impresario,C2,i,organizasyoncu,The impresario helped a child near the door.,A friendly impresario smiled during the meeting.,,
1307,jargon,C2,j,jargon,The class discussed the jargon after the video.,This example shows the jargon clearly.,,
1308,jarring,C2,j,rahatsız edici/uyumsuz,We saw a jarring pattern in the results.,His jarring style made the story stronger.,,
1309,kinetic,C2,k,kinetik,The kinetic detail changed the whole plan.,She gave a kinetic answer in class.,,
1310,kinetically,C2,k,kinetik olarak,The team compared the samples kinetically.,The model reacted kinetically to the new data.,,
1311,knack,C2,k,beceri/püf noktası,The knack changed the final result.,The story included a clear knack.,,
1312,lament,C2,l,ağıt yakmak/üzülmek,Please lament clearly before you leave.,The teacher will lament the class after lunch.,,
1313,lamentation,C2,l,ağıt/yas,The class discussed the lamentation after the video.,This example shows the lamentation clearly.,,
1314,laryngitis,C2,l,larenjit,The laryngitis changed the final result.,The story included a clear laryngitis.,,
1315,lassitude,C2,l,bitkinlik,The report described the lassitude clearly.,We noticed the lassitude during the project.,,
1316,laud,C2,l,övmek,She tried to laud the news calmly.,They asked him to laud the story again.,,
1317,laudatory,C2,l,övgü dolu,We saw a laudatory pattern in the results.,His laudatory style made the story stronger.,,
1318,leaven,C2,l,maya/etkilemek,We need to leaven the meal before noon.,She likes to leaven with her family.,,
1319,leavening,C2,l,mayalama,The class discussed the leavening after the video.,This example shows the leavening clearly.,,
1320,legion,C2,l,çok sayıda/lejyon,The legion changed the final result.,The story included a clear legion.,,
1321,liaise,C2,l,irtibat kurmak,Please liaise clearly before you leave.,The teacher will liaise the class after lunch.,,
1322,locomotion,C2,l,hareket/yer değiştirme,The class discussed the locomotion after the video.,This example shows the locomotion clearly.,,
1323,maelstrom,C2,m,girdap/kargaşa,The maelstrom changed the final result.,The story included a clear maelstrom.,,
1324,maggot,C2,m,kurtçuk,The report described the maggot clearly.,We noticed the maggot during the project.,,
1325,magnanimity,C2,m,yüce gönüllülük,The class discussed the magnanimity after the video.,This example shows the magnanimity clearly.,,
1326,magnanimous,C2,m,yüce gönüllü,We saw a magnanimous pattern in the results.,His magnanimous style made the story stronger.,,
1327,magnanimously,C2,m,yüce gönüllülükle,They walked magnanimously through the quiet hall.,The student listened magnanimously to the story.,,
1328,magnate,C2,m,kodaman,The magnate arrived early for work.,Everyone thanked the magnate after lunch.,,
1329,magpie,C2,m,saksağan,The magpie changed the final result.,The story included a clear magpie.,,
1330,malice,C2,m,kötü niyet,The report described the malice clearly.,We noticed the malice during the project.,,
1331,malicious,C2,m,kötü niyetli,This malicious example helped the students.,The report used a malicious idea clearly.,,
1332,maliciously,C2,m,kötü niyetle,The plan changed maliciously after lunch.,She smiled maliciously at the good news.,,
1333,malleability,C2,m,dövülebilirlik/esneklik,The report described the malleability clearly.,We noticed the malleability during the project.,,
1334,malleable,C2,m,dövülebilir/esnek,This malleable example helped the students.,The report used a malleable idea clearly.,,
1335,nascent,C2,n,yeni doğan/gelişmekte olan,We saw a nascent pattern in the results.,His nascent style made the story stronger.,,
1336,neophyte,C2,n,acemı/yeni başlayan,The neophyte helped a child near the door.,A friendly neophyte smiled during the meeting.,,
1337,nigh,C2,n,yakın/neredeyse,The end of the long trip is nigh.,"Winter is nigh, so the nights feel colder.",,
1338,nonchalant,C2,n,umursamaz,We saw a nonchalant pattern in the results.,His nonchalant style made the story stronger.,,
1339,nonchalantly,C2,n,umursamazca,They walked nonchalantly through the quiet hall.,The student listened nonchalantly to the story.,,
1340,nostalgia,C2,n,nostalji,The class discussed the nostalgia after the video.,This example shows the nostalgia clearly.,,
1341,nostalgic,C2,n,nostaljik,We saw a nostalgic pattern in the results.,His nostalgic style made the story stronger.,,
1342,nostalgically,C2,n,nostaljik şekilde,The system behaved nostalgically during the test.,The result changed nostalgically in the study.,,
1343,notoriety,C2,n,kötü şöhret,The class discussed the notoriety after the video.,This example shows the notoriety clearly.,,
1344,notoriously,C2,n,kötü şöhretli şekilde,The plan changed notoriously after lunch.,She smiled notoriously at the good news.,,
1345,oblique,C2,o,eğik/dolaylı,The oblique detail changed the whole plan.,She gave an oblique answer in class.,,
1346,octogenarian,C2,o,seksenli yaşlarında kişi,The octogenarian arrived early for work.,Everyone thanked the octogenarian after lunch.,,
1347,opacity,C2,o,opaklık,The opacity changed the final result.,The story included a clear opacity.,,
1348,opaque,C2,o,opak/anlaşılmaz,The opaque detail changed the whole plan.,She gave an opaque answer in class.,,
1349,opulence,C2,o,gösterişli zenginlik,The class discussed the opulence after the video.,This example shows the opulence clearly.,,
1350,opulent,C2,o,gösterişli/zengin,We saw an opulent pattern in the results.,His opulent style made the story stronger.,,
1351,opulently,C2,o,gösterişli şekilde,They walked opulently through the quiet hall.,The student listened opulently to the story.,,
1352,ordain,C2,o,atamak/buyurmak,We need to ordain the plan carefully.,He decided to ordain it after the meeting.,,
1353,ore,C2,o,cevher,I cleaned the ore before dinner.,The small ore fell from the shelf.,,
1354,ornate,C2,o,süslü,The ornate detail changed the whole plan.,She gave an ornate answer in class.,,
1355,ostensible,C2,o,görünürdeki,This ostensible example helped the students.,The report used an ostensible idea clearly.,,
1356,painstaking,C2,p,özenli,We saw a painstaking pattern in the results.,His painstaking style made the story stronger.,,
1357,painstakingly,C2,p,özenle,She spoke painstakingly during the meeting.,The team worked painstakingly on the final task.,,
1358,palatable,C2,p,lezzetli/kabul edilebilir,This palatable example helped the students.,The report used a palatable idea clearly.,,
1359,palate,C2,p,damak,We shared the palate at lunch.,The cook used palate in the meal.,,
1360,parable,C2,p,mesel/ibretlik hikaye,The parable detail changed the whole plan.,She gave a parable answer in class.,,
1361,paradoxical,C2,p,paradoksal,This paradoxical example helped the students.,The report used a paradoxical idea clearly.,,
1362,paradoxically,C2,p,paradoksal biçimde,The report explained the change paradoxically.,The room was designed paradoxically for better sound.,,
1363,parameter,C2,p,parametre,The report described the parameter clearly.,We noticed the parameter during the project.,,
1364,paramount,C2,p,en önemli,The class discussed the paramount after the video.,This example shows the paramount clearly.,,
1365,parasitic,C2,p,parazit gibi,We saw a parasitic pattern in the results.,His parasitic style made the story stronger.,,
1366,parochial,C2,p,dar görüşlü/yerel,The parochial detail changed the whole plan.,She gave a parochial answer in class.,,
1367,patchily,C2,p,düzensiz yamalı şekilde,They walked patchily through the quiet hall.,The student listened patchily to the story.,,
1368,qualitative,C2,q,nitel,We saw a qualitative pattern in the results.,His qualitative style made the story stronger.,,
1369,qualm,C2,q,tereddüt,The report described the qualm clearly.,We noticed the qualm during the project.,,
1370,quiver,C2,q,titremek/titreme,She began to quiver when the music started.,They will quiver outside if the weather is good.,,
1371,rapture,C2,r,vecd/büyük sevinç,The rapture changed the final result.,The story included a clear rapture.,,
1372,rapturous,C2,r,coşkulu,The rapturous detail changed the whole plan.,She gave a rapturous answer in class.,,
1373,rapturously,C2,r,coşkuyla,She spoke rapturously during the meeting.,The team worked rapturously on the final task.,,
1374,ravish,C2,r,büyülemek,The team will ravish the issue tomorrow.,I hope to ravish this skill with practice.,,
1375,rebound,C2,r,geri sıçramak/toparlanmak,The children like to rebound after school.,We watched the birds rebound near the trees.,,
1376,rebuke,C2,r,azarlamak,The coach may rebuke players for rude behavior.,She gave a quiet rebuke after the mistake.,,
1377,recitation,C2,r,ezbere okuma,The recitation changed the final result.,The story included a clear recitation.,,
1378,recluse,C2,r,münzevi,The recluse helped a child near the door.,A friendly recluse smiled during the meeting.,,
1379,reclusive,C2,r,inzivaya çekilmiş,This reclusive example helped the students.,The report used a reclusive idea clearly.,,
1380,reconcile,C2,r,uzlaştırmak/bağdaştırmak,The team will reconcile the issue tomorrow.,I hope to reconcile this skill with practice.,,
1381,reconciliation,C2,r,uzlaşma,The report described the reconciliation clearly.,We noticed the reconciliation during the project.,,
1382,recourse,C2,r,başvuru/çare,The class discussed the recourse after the video.,This example shows the recourse clearly.,,
1383,salivary,C2,s,tükürükle ilgili,We saw a salivary pattern in the results.,His salivary style made the story stronger.,,
1384,sandwiched,C2,s,arasına sıkıştırılmış,The sandwiched detail changed the whole plan.,She gave a sandwiched answer in class.,,
1385,scavenger,C2,s,leş yiyici/toplayıcı,The scavenger arrived early for work.,Everyone thanked the scavenger after lunch.,,
1386,scholarly,C2,s,akademik/bilimsel,He answered scholarly when the teacher asked.,The machine moved scholarly across the floor.,,
1387,scroll,C2,s,kaydırmak/parşömen,They plan to scroll the problem this week.,She tried to scroll the task before dinner.,,
1388,secular,C2,s,laik/dünyevi,This secular example helped the students.,The report used a secular idea clearly.,,
1389,secularly,C2,s,laik biçimde,She spoke secularly during the meeting.,The team worked secularly on the final task.,,
1390,seedy,C2,s,perişan/şüpheli,The seedy detail changed the whole plan.,She gave a seedy answer in class.,,
1391,seismic,C2,s,sismik,This seismic example helped the students.,The report used a seismic idea clearly.,,
1392,selectivity,C2,s,seçicilik,The selectivity changed the final result.,The story included a clear selectivity.,,
1393,shamble,C2,s,sendeleyerek yürümek,The children like to shamble after school.,We watched the birds shamble near the trees.,,
1394,sheaf,C2,s,demet,The sheaf was on the wooden table.,My brother carried the sheaf to school.,,
1395,tacit,C2,t,örtük/sessiz,We saw a tacit pattern in the results.,His tacit style made the story stronger.,,
1396,tacitly,C2,t,örtük biçimde,The plan changed tacitly after lunch.,She smiled tacitly at the good news.,,
1397,taciturn,C2,t,az konuşan,This taciturn example helped the students.,The report used a taciturn idea clearly.,,
1398,taciturnity,C2,t,az konuşkanlık,The taciturnity changed the final result.,The story included a clear taciturnity.,,
1399,tactic,C2,t,taktik,The tactic detail changed the whole plan.,She gave a tactic answer in class.,,
1400,tactical,C2,t,taktiksel,This tactical example helped the students.,The report used a tactical idea clearly.,,
1401,tactically,C2,t,taktiksel olarak,The report explained the change tactically.,The room was designed tactically for better sound.,,
1402,taste-maker,C2,t,zevk belirleyici,She put the taste-maker beside her bag.,He found a taste-maker under the chair.,,
1403,teem,C2,t,kaynamak/dolu olmak,She began to teem when the music started.,They will teem outside if the weather is good.,,
1404,telescopic,C2,t,teleskopik,We saw a telescopic pattern in the results.,His telescopic style made the story stronger.,,
1405,telescopically,C2,t,teleskopik olarak,The system behaved telescopically during the test.,The result changed telescopically in the study.,,
1406,unadulterated,C2,u,saf/katışıksız,This unadulterated example helped the students.,The report used an unadulterated idea clearly.,,
1407,uncanny,C2,u,tekinsiz/esrarengiz,We saw an uncanny pattern in the results.,His uncanny style made the story stronger.,,
1408,undemonstrative,C2,u,duygularını göstermeyen,The undemonstrative detail changed the whole plan.,She gave an undemonstrative answer in class.,,
1409,undemonstratively,C2,u,duygularını göstermeden,She spoke undemonstratively during the meeting.,The team worked undemonstratively on the final task.,,
1410,undiminishing,C2,u,azalmayan,We saw an undiminishing pattern in the results.,His undiminishing style made the story stronger.,,
1411,unencumbered,C2,u,engelsiz/yüksüz,The unencumbered detail changed the whole plan.,She gave an unencumbered answer in class.,,
1412,unequivocal,C2,u,kesin/açık,This unequivocal example helped the students.,The report used an unequivocal idea clearly.,,
1413,unequivocally,C2,u,kesin olarak,The report explained the change unequivocally.,The room was designed unequivocally for better sound.,,
1414,unexceptional,C2,u,sıradan,The unexceptional detail changed the whole plan.,She gave an unexceptional answer in class.,,
1415,unexceptionally,C2,u,istisnasız/sıradan şekilde,The day passed unexceptionally at school.,The machine worked unexceptionally during the test.,,
1416,unexcused,C2,u,mazeretsiz,We saw an unexcused pattern in the results.,His unexcused style made the story stronger.,,
1417,vandal,C2,v,vandal,The vandal detail changed the whole plan.,She gave a vandal answer in class.,,
1418,vandalize,C2,v,tahrip etmek,We need to vandalize the plan carefully.,He decided to vandalize it after the meeting.,,
1419,venomous,C2,v,zehirli/kötü niyetli,We saw a venomous pattern in the results.,His venomous style made the story stronger.,,
1420,venomously,C2,v,zehirli/kötü niyetle,The plan changed venomously after lunch.,She smiled venomously at the good news.,,
1421,verbatim,C2,v,kelimesi kelimesine,She spoke verbatim during the meeting.,The team worked verbatim on the final task.,,
1422,verily,C2,v,gerçekten,"Verily, the old tale still makes people smile.",The judge spoke verily in the quiet court.,,
1423,verisimilitude,C2,v,gerçeklik izlenimi,The report described the verisimilitude clearly.,We noticed the verisimilitude during the project.,,
1424,veritable,C2,v,gerçek/tam anlamıyla,This veritable example helped the students.,The report used a veritable idea clearly.,,
1425,vermin,C2,v,haşere,The vermin changed the final result.,The story included a clear vermin.,,
1426,vestigial,C2,v,körelmiş/kalıntı,The vestigial detail changed the whole plan.,She gave a vestigial answer in class.,,
1427,vestigially,C2,v,kalıntı halinde,The team compared the samples vestigially.,The model reacted vestigially to the new data.,,
1428,wallow,C2,w,debelenmek/kendini kaptırmak,I saw him wallow near the park.,The crowd waited for the show to wallow.,,
1429,wane,C2,w,azalmak,The children like to wane after school.,We watched the birds wane near the trees.,,
1430,wayward,C2,w,dik başlı/yoldan çıkmış,This wayward example helped the students.,The report used a wayward idea clearly.,,
1431,wheeze,C2,w,hırıltılı solumak,I saw him wheeze near the park.,The crowd waited for the show to wheeze.,,
1432,whir,C2,w,vızıldamak,The children like to whir after school.,We watched the birds whir near the trees.,,
1433,whirlwind,C2,w,kasırga/karmaşa,The class discussed the whirlwind after the video.,This example shows the whirlwind clearly.,,
1434,wholly,C2,w,tamamen,He answered wholly when the teacher asked.,The machine moved wholly across the floor.,,
1435,wistful,C2,w,özlemli,The wistful detail changed the whole plan.,She gave a wistful answer in class.,,
1436,wistfully,C2,w,özlemle,The plan changed wistfully after lunch.,She smiled wistfully at the good news.,,
1437,wordage,C2,w,sözcük sayısı/ifade tarzı,The wordage changed the final result.,The story included a clear wordage.,,
1438,wordsmith,C2,w,söz ustası,The wordsmith helped a child near the door.,A friendly wordsmith smiled during the meeting.,,
1439,zoologist,C2,z,zoolog,The zoologist arrived early for work.,Everyone thanked the zoologist after lunch.,,
1440,zoology,C2,z,zooloji,The zoology changed the final result.,The story included a clear zoology.,,
